:020000040000fa
:080000000002040000000000f2
:020000040000fa
:040008008e03000063
:020000040000fa
:04000c00d00300001d
:020000040000fa
:0400100030040000b8
:020000040000fa
:04001400ae03000037
:020000040000fa
:04001800f0030000f1
:020000040000fa
:04001c0010040000cc
:020000040000fa
:040020005004000088
:020000040000fa
:04002400d204000002
:020000040000fa
:04002800d2040000fe
:020000040000fa
:04002c00d2040000fa
:020000040000fa
:04003000d2040000f6
:020000040000fa
:040034009c04000028
:020000040000fa
:04003800d2040000ee
:020000040000fa
:04003c00d2040000ea
:020000040000fa
:04004000d2040000e6
:020000040000fa
:04004400d2040000e2
:020000040000fa
:04004800d2040000de
:020000040000fa
:04004c00d2040000da
:020000040000fa
:04005000d2040000d6
:020000040000fa
:04005400d2040000d2
:020000040000fa
:04005800d2040000ce
:020000040000fa
:04005c00d2040000ca
:020000040000fa
:04006000d2040000c6
:020000040000fa
:04006400d2040000c2
:020000040000fa
:04006800d2040000be
:020000040000fa
:04006c00d2040000ba
:020000040000fa
:04007000d2040000b6
:020000040000fa
:04007400d2040000b2
:020000040000fa
:04007800d2040000ae
:020000040000fa
:04007c00d2040000aa
:020000040000fa
:04008000d2040000a6
:020000040000fa
:04008400d2040000a2
:020000040000fa
:04008800d20400009e
:020000040000fa
:04008c00d20400009a
:020000040000fa
:04009000d204000096
:020000040000fa
:04009400d204000092
:020000040000fa
:04009800d20400008e
:020000040000fa
:04009c00d20400008a
:020000040000fa
:0400a000d204000086
:020000040000fa
:0400a400d204000082
:020000040000fa
:0400a800d20400007e
:020000040000fa
:0400ac00d20400007a
:020000040000fa
:0400b000d204000076
:020000040000fa
:0400b400160300002f
:020000040000fa
:0400b800d20400006e
:020000040000fa
:0400bc00d20400006a
:020000040000fa
:0400c000d204000066
:020000040000fa
:0400c400d204000062
:020000040000fa
:0400c800d20400005e
:020000040000fa
:0400cc00d20400005a
:020000040000fa
:0400d000d204000056
:020000040000fa
:0400d400d204000052
:020000040000fa
:0400d800d20400004e
:020000040000fa
:0400dc00d20400004a
:020000040000fa
:0400e000d204000046
:020000040000fa
:0400e400d204000042
:020000040000fa
:0400e800d20400003e
:020000040000fa
:0400ec00d20400003a
:020000040000fa
:0400f000d204000036
:020000040000fa
:0400f400d204000032
:020000040000fa
:0400f800d20400002e
:020000040000fa
:0400fc00d20400002a
:020000040000fa
:04010000d204000025
:020000040000fa
:04010400d204000021
:020000040000fa
:04010800d20400001d
:020000040000fa
:04010c00d204000019
:020000040000fa
:04011000d204000015
:020000040000fa
:04011400d204000011
:020000040000fa
:04011800d20400000d
:020000040000fa
:04011c00d204000009
:020000040000fa
:04012000d204000005
:020000040000fa
:04012400d204000001
:020000040000fa
:04012800d2040000fd
:020000040000fa
:04012c00d2040000f9
:020000040000fa
:04013000d2040000f5
:020000040000fa
:04013400d2040000f1
:020000040000fa
:04013800d2040000ed
:020000040000fa
:04013c00d2040000e9
:020000040000fa
:04014000d2040000e5
:020000040000fa
:04014400d2040000e1
:020000040000fa
:04014800d2040000dd
:020000040000fa
:04014c00d2040000d9
:020000040000fa
:04015000d2040000d5
:020000040000fa
:04015400d2040000d1
:020000040000fa
:04015800d2040000cd
:020000040000fa
:04015c00d2040000c9
:020000040000fa
:04016000d2040000c5
:020000040000fa
:04016400d2040000c1
:020000040000fa
:04016800d2040000bd
:020000040000fa
:04016c00d2040000b9
:020000040000fa
:04017000d2040000b5
:020000040000fa
:04017400d2040000b1
:020000040000fa
:04017800d2040000ad
:020000040000fa
:04017c00d2040000a9
:020000040000fa
:04018000d2040000a5
:020000040000fa
:04018400d2040000a1
:020000040000fa
:04018800d20400009d
:020000040000fa
:04018c00d204000099
:020000040000fa
:04019000d204000095
:020000040000fa
:04019400d204000091
:020000040000fa
:04019800d20400008d
:020000040000fa
:04019c00d204000089
:020000040000fa
:0401a000d204000085
:020000040000fa
:0401a400d204000081
:020000040000fa
:0401a800d20400007d
:020000040000fa
:0401ac00d204000079
:020000040000fa
:0401b000d204000075
:020000040000fa
:0401b400d204000071
:020000040000fa
:0401b800d20400006d
:020000040000fa
:0401bc00d204000069
:020000040000fa
:0401c000d204000065
:020000040000fa
:0401c400d204000061
:020000040000fa
:0401c800d20400005d
:020000040000fa
:0401cc00d204000059
:020000040000fa
:0401d000d204000055
:020000040000fa
:0401d400d204000051
:020000040000fa
:0401d800d20400004d
:020000040000fa
:0401dc00d204000049
:020000040000fa
:0401e000d204000045
:020000040000fa
:0401e400d204000041
:020000040000fa
:0401e800d20400003d
:020000040000fa
:0401ec00d204000039
:020000040000fa
:0401f000d204000035
:020000040000fa
:0401f400d204000031
:020000040000fa
:0401f800d20400002d
:020000040000fa
:0401fc00d204000029
:020000040000fa
:04020000d204000024
:020000040000fa
:04020400d204000020
:020000040000fa
:04020800d20400001c
:020000040000fa
:04020c00d204000018
:020000040000fa
:04021000d204000014
:020000040000fa
:04021400d204000010
:020000040000fa
:04021800d20400000c
:020000040000fa
:04021c00d204000008
:020000040000fa
:04022000d204000004
:020000040000fa
:04022400d204000000
:020000040000fa
:04022800d2040000fc
:020000040000fa
:04022c00d2040000f8
:020000040000fa
:04023000d2040000f4
:020000040000fa
:04023400d2040000f0
:020000040000fa
:04023800d2040000ec
:020000040000fa
:04023c00d2040000e8
:020000040000fa
:04024000d2040000e4
:020000040000fa
:04024400d2040000e0
:020000040000fa
:04024800d2040000dc
:020000040000fa
:04024c00d2040000d8
:020000040000fa
:04025000d2040000d4
:020000040000fa
:04025400d2040000d0
:020000040000fa
:04025800d2040000cc
:020000040000fa
:04025c00d2040000c8
:020000040000fa
:04026000d2040000c4
:020000040000fa
:04026400d2040000c0
:020000040000fa
:04026800d2040000bc
:020000040000fa
:04026c00d2040000b8
:020000040000fa
:04027000d2040000b4
:020000040000fa
:04027400d2040000b0
:020000040000fa
:04027800d2040000ac
:020000040000fa
:04027c00d2040000a8
:020000040000fa
:04028000d2040000a4
:020000040000fa
:04028400d2040000a0
:020000040000fa
:04028800d20400009c
:020000040000fa
:04028c00d204000098
:020000040000fa
:04029000d204000094
:020000040000fa
:04029400d204000090
:020000040000fa
:04029800d20400008c
:020000040000fa
:04029c00d204000088
:020000040000fa
:0402a000d204000084
:020000040000fa
:0402a400d204000080
:020000040000fa
:0402a800d20400007c
:020000040000fa
:0402ac00d204000078
:020000040000fa
:0402b000d204000074
:020000040000fa
:0402b400d204000070
:020000040000fa
:0402b800d20400006c
:020000040000fa
:0402bc00d204000068
:020000040000fa
:0402c000d204000064
:020000040000fa
:0402c400d204000060
:020000040000fa
:0402c800d20400005c
:020000040000fa
:0402cc00d204000058
:020000040000fa
:0402d000d204000054
:020000040000fa
:0402d400d204000050
:020000040000fa
:0402d800d20400004c
:020000040000fa
:0402dc00d204000048
:020000040000fa
:0402e000d204000044
:020000040000fa
:0402e400d204000040
:020000040000fa
:0402e800d20400003c
:020000040000fa
:0402ec00d204000038
:020000040000fa
:0402f000d204000034
:020000040000fa
:0402f400d204000030
:020000040000fa
:0402f800d20400002c
:020000040000fa
:0402fc00d204000028
:020000040000fa
:04030000d204000023
:020000040000fa
:04030400d20400001f
:020000040000fa
:04030800d20400001b
:020000040000fa
:04030c00d204000017
:020000040000fa
:04031000d204000013
:020000040000fa
:100400000fc022000eff24000e0188000000000033
:10041000000020000000e000020032000001200087
:100420002002880014000700600107000000e000bf
:1004300003003a00005827000100200002003700a6
:100440000000200001002000810f70000100320038
:100450000f000700000020000000e0000200320052
:100460000000020000000000ca6a02000000000054
:100470000040da000000fe00c06423000000e0003d
:1004800002003200002020009001880000000600d9
:10049000a1028800800478000000eb001f003700f4
:1004a000e284440054a0b4009905ba00e2844400f8
:1004b00054a0b4009906ba00e284440054a0b400e9
:1004c0000006eb00476fde00fd07b200ae018800ba
:1004d000636ce10003003a000ad801000000eb0061
:1004e0000e003700606ce10008003a00004deb00a0
:1004f0000a05e800020039003420ec000af0a000f0
:100500008b05e900f9ff3e00040037006168e10057
:10051000010032000086eb000b00070019c7ba008b
:100520000e04e0001905ba0003003a000a00e000da
:10053000dbff3a0000000600fe07b200ae028800b2
:100540008a047800f5ff37000cd0a300e20f4d00bd
:100550001c003b0089027800354dba000a05e8000e
:10056000020039003420ec000af0a0008b05e900fd
:100570000f003200254dba000a05e80002003900dc
:100580003420ec000af0a0008b05e90008003200de
:100590000c00e0000600320015cdba000a05e800a4
:1005a000020039003420ec000af0a0008b05e900bd
:1005b0008984e80054a0b4000b00e000e2ff3a0098
:1005c000000006009902ba00055d78008b05e9007d
:1005d000f7ff3200c82ade00055d78008b05e900d0
:1005e000f3ff32000c00e000f1ff320019ddba0029
:1005f000eeff37009666040000000000aa660400c3
:1006000000000000be66040000000000d266040086
:10061000000000005869040000000000f8660400b3
:100620000000000030730400000000003600f800f5
:10063000809fbe00829fbe00849fbe00869fbe003a
:100640000000fa00512080000002200000806000bd
:100650000000e0001f003200512080000000220056
:10066000008060000000e000050032006080800033
:100670000000e00002003200608080000000010005
:100680005120800000002100008060000000e00098
:1006900005003200708080000000e000020032009f
:1006a0007080800000000100512080000080200048
:1006b000008060000000e0000500320080808000c3
:1006c0000000e00002003200808080000000010095
:1006d0000aa4a90050208000620060000000e00031
:1006e00006003200a08080000000e000020032001e
:1006f000a0808000000001000a24a9000468a9006d
:100700000080fa004f03be004f02be004f01be0042
:100710004f00be003600f900004006003600f80029
:10072000809fbe00829fbe00849fbe00869fbe0049
:100730000000fa00c028a9000000eb00d43907002f
:100740000080fa004f03be004f02be004f01be0002
:100750004f00be003600f900004006003600f800e9
:10076000809fbe00829fbe00849fbe00869fbe0009
:100770000000fa00cb390700c048a9001000200093
:10078000c33907000080fa004f03be004f02be00cd
:100790004f01be004f00be003600f90000400600c9
:1007a0003600f800809fbe00829fbe00849fbe007e
:1007b000869fbe000000fa00c068a900200020004b
:1007c000b33907000080fa004f03be004f02be009d
:1007d0004f01be004f00be003600f9000040060089
:1007e0003600f800809fbe00829fbe00849fbe003e
:1007f000869fbe000000fa00c088a90030002000db
:10080000a33907000080fa004f03be004f02be006c
:100810004f01be004f00be003600f9000040060048
:100820003600f800809fbe00829fbe00849fbe00fd
:10083000869fbe000000fa00c0a8a900400020006a
:10084000933907000080fa004f03be004f02be003c
:100850004f01be004f00be003600f9000040060008
:100860003600f800809fbe00829fbe00849fbe00bd
:10087000869fbe000000fa00c608a9007000200094
:10088000833907000080fa004f03be004f02be000c
:100890004f01be004f00be003600f90000400600c8
:1008a0003600f800809fbe00829fbe00849fbe007d
:1008b000869fbe000000fa00214680000010200044
:1008c000008060000000e00003003200c508a900bd
:1008d000c00020006e39070021468000000028007b
:1008e000008060000000e00003003200c5e8a900bd
:1008f00080002000663907002146800000022000a9
:10090000008060000000e00003003200c4a8a900dd
:10091000900020005e3907002046800070006000d3
:100920000000e00003003200c488a900a0002000fd
:1009300057390700ffff37003600f800809fbe00e0
:10094000829fbe00849fbe00869fbe000000fa000a
:10095000008180000000e000020032000081800081
:1009600000000100509d2200104078008040e80007
:10097000509d220001487800409d220011c0b30024
:10098000014878000068a9000080fa004f03be000b
:100990004f02be004f01be004f00be003600f900fe
:1009a000004006000040da000000fe0000000500e4
:1009b00014002000ab0337000001be003f00070019
:1009c0000470a70003f0a1006509b1001600320011
:1009d0000d0035006828e10006003500f0ff2f000b
:1009e000f1ff27000300e00013003b000100280096
:1009f0000000050000004000818048008502e900f9
:100a0000fcff3a0008003700f88f420002003c006b
:100a10008000eb00000005008100d1000080d300c1
:100a20008502e800fcff3a000300e00002003b0002
:100a300060001000e0801800000006000001be0009
:100a40001e0007000470a70003f0a10003f8a30034
:100a500013003a006509b1001000320009003500aa
:100a60006928e100020035000100280000000500af
:100a700000004000818048008502e900fcff3a0048
:100a800000000600f88f4200050035008100d1000b
:100a90000080d3008502e800fcff3a000000060059
:100aa0008000eb00000005004f89de008201780025
:100ab000870337006011b80095033700c70ade00ce
:100ac000f107b200f50fb20008003200e1cf42009a
:100ad000020032000170a00024000500810f7000a8
:100ae000010032000408050044000500810f700079
:100af00002003a00140005008502e90000004000f1
:100b000081c04800fcff3b000170a00024000500ec
:100b100007f82700078361000638e10004003a0067
:100b2000f7072000878361008703710001003a0006
:100b300003f0a200889fbe008a9fbe008c9fbe006b
:100b4000470ade000480a100c71ade000580a1006c
:100b5000070028000785600087856100f70f2000e7
:100b60000720e1009e0032000728e1009c003200cf
:100b7000010678000400e000b4003200f70720000e
:100b8000878060000170a0000500e000c000320016
:100b9000f7072000878161000370a000050652005e
:100ba0000f003a000b50e1000b0032000308e10097
:100bb00002003a000200e1007e0032000204500010
:100bc00083845800040031000001fd008101fd0014
:100bd0008402fd008a05fd006044b8002100370052
:100be0000520e10005003d000001fd008101fd0040
:100bf0008402fd008a05fd00050652007a60e100ce
:100c0000050035000170a1004722dd0084807000de
:100c10008a807000630037006044b800ef0266000d
:100c200007ff2f00070666000500e00006003400fd
:100c3000f08312008714dd000511de00071bdd00c4
:100c4000060171008519de007060e10005003500c5
:100c50000904780082047800030178008001eb0029
:100c6000700656000b50e10003003a0002004000fd
:100c7000838048000400370060041400e0841c00f6
:100c800002005800838058000188a300060032004b
:100c90008100d1000080d3008984d3000884d30070
:100ca0000402e800270037000178a30025003a007d
:100cb0000100e000030032008186cf006986560003
:100cc0000a0037008c0020000000e00004003a0019
:100cd00009007800880478000004eb0070025200dc
:100ce0008086cf000d0646000c06e9007060e1002a
:100cf000060035008000780009007800880478003c
:100d00000004eb0070065600700252000c00e00078
:100d10000c0034008c08dd00f00316000703de0031
:100d2000868070000c00dd00074bde0006007000be
:100d30008c4cdd000743de00868474000c44dd002b
:100d40000c0252006120e1002000350061016000ca
:100d50000700280087816400f7ff2700878364006d
:100d6000070374000300e0000600320082037300f2
:100d7000040032000000e800e08048000188a30081
:100d80000e003a00f70f20000720e1004a003d0066
:100d90000170a1004722dd00810072008a8070008e
:100da0000000be004f06be004f05be004f04be004f
:100db000000006006000b800faff37008100d10093
:100dc0000080d3000402e800eeff37000401780041
:100dd00089017400a10107008a807000f1ff3700cb
:100de000f7010700070278000001fd008101fd0006
:100df000f301070087027800850372000778a300db
:100e0000040032000001fd008101fd000602070020
:100e1000e4ff3700850362000768a3000800320082
:100e20000b50e10003003200f0ff2f00f1ff27001c
:100e3000dcff37000001fd008101fd00d9ff370014
:100e40000468a300d7ff3200faff3700f8ff27003d
:100e5000888360000b003a000000e00009003a00bf
:100e60008303640082837300020032000200be002c
:100e7000ccff37000b50e100ceff3a000200be006d
:100e8000c8ff370014002000810064003eff3700d7
:100e9000f8ff27008883610004003a000200e000a8
:100ea00002003a008c007800beff370015002000d9
:100eb0008301640039ff370001f82700000020009b
:100ec00081007500b7ff3700889fbe008a9fbe0073
:100ed0008c9fbe001b0020000202be000586680039
:100ee00006002800060666004709de00f20fb20081
:100ef000820032000243e80080003200c729de0091
:100f0000f30fb2007d0032000343e8007b003200a3
:100f1000f107b2000170a000f507b2000570a00053
:100f2000c708dd004903de00868070004700dd0051
:100f3000c72add004923de00868272004722dd00d9
:100f4000030551000403500085835800030031005d
:100f500000004000818048000a05e9008c1f7800ed
:100f60008a9fbe00040050008580580004024200a1
:100f700085824a0000004000818048000005eb00a7
:100f80000004be006033b8000406be000d48e10056
:100f900056003100110009004dccd8000c01b800fa
:100fa0000d02b8008481410060824a0082835300b0
:100fb00003045c0084845c0060055d000a00e000be
:100fc00025003a00800578000d40e100490031001d
:100fd0008800780007007800110009004d88d800cb
:100fe0000c01b8000d02b8008481410060824a0003
:100ff0006003110083835b0004045c00e0845c00f8
:101000000900e00021003a004f01be000300e000ab
:101010002b003200e3016000070673008c81710031
:1010200001003200640070004200de004e5edd0010
:101030000c007000c258de0001e0a0008301070030
:10104000cf017800818071004f06be004f05be00c1
:101050004f04be00000006008c8343000d044c00ca
:10106000e0844c0060054d000000e9000a00e0004b
:10107000d4ff32008c8343000d044c00e0844c000c
:1010800060054d000000e900ceff37000c0343006f
:101090008d834b0060044c00e0844c000000e900ac
:1010a0000900e000d8ff32000c0343008d834b00a1
:1010b00060044c00e0844c000000e900d2ff3700df
:1010c0004200de004e5edd000c007000c258de0003
:1010d00001e0a000cf0178000300e000daff320059
:1010e00060001000e0801800d7ff3700f0ff2f00ed
:1010f000aaff3700f0ff2f00b9ff37000404be003d
:101100002f010700870678000004fd008104fd0020
:101110002b010700078366000678a3000300320056
:101120000960a7000800be002c0037000d78a3005e
:10113000020032000800be00280037000778a30034
:1011400026003a0001f0a10009f0a1000668a30002
:1011500003003200f1ff2700f0ff2f00baff370035
:101160000d68a300030032000800be008c807000f0
:10117000b5ff37000768a30007003a000648a30040
:1011800003003200f1ff2700f0ff2f00aeff370011
:101190000d48a300030032006000b8008c8070008e
:1011a000a9ff37000748a3000400320001f8270018
:1011b000000020008c807000a3ff3700760107003c
:1011c0000004fd008104fd000205780072010700a3
:1011d0000802be008a01780059ff37000160a000b4
:1011e000120220003281880097ff37000100e000e2
:1011f000120032000500e00010003200889fbe009f
:101200008a9fbe008c9fbe000006eb0001f8a30081
:101210000300320060001000e08018000cf0a00015
:1012200005f8a3000300320060021200e0821a00f9
:101230000cf0a2008005eb0041ff37006000b80011
:10124000020005000383680007002800070363000d
:10125000470ade000480a100c71ade000580a10055
:10126000f70f20000720e100420032000728e100cc
:1012700040003200889fbe008a9fbe008c1f78000d
:10128000f107b200f307b2000400e000640032008e
:101290000170a0000500e000680032000370a000ab
:1012a00085054200eb07b1000204b8000302b80054
:1012b0008484440060854a00020ab80084844400a3
:1012c0000a854a00030ab8000405450004003300fb
:1012d0000804d0008984d2000a85d2008b05e90079
:1012e0006158e1003d003500021020000901610055
:1012f0000308200089816100f707200087836400cc
:1013000008867300c84cde00c853dd008784740073
:101310004855de000300e00006003200820376003c
:10132000040032008904e80060054d000a88a3002b
:101330000c003a00f70f20000758e10044003d0080
:101340000a70a100c75ddd000a8575008a00730080
:10135000090078004f0678004f05be004f04be001c
:10136000000006000a05d1008984d3008b05e8003f
:10137000f0ff3700881f780006047800900007000f
:10138000070278000001fd008101fd008c000700cc
:1013900087027800850372000778a30005003200f9
:1013a0000001fd008101fd009f0007004f0478004f
:1013b00000000600850372000748a3000300320006
:1013c000f0ff2f00f1ff2700f8ff3700000020009a
:1013d00001f8270088807000f4ff3700880178004a
:1013e0004848dd00808171004848de00c850dd00bb
:1013f00001007000c850de00060478000b01780080
:101400001600070088807000d2ff37000500e0005a
:1014100005003200170020003a0007009dff37004a
:1014200081037000f9ff3a00860078004f067800cb
:101430004f05be004f04be0000000500830371008d
:10144000f9ff3200270020002e00070094ff37002c
:1014500001f8270086807000f4ff37000100e000eb
:1014600026003200610111007810e10023003c00e9
:101470006022b8007010e10004003500800278009e
:10148000010078008000eb00700151000200e000d4
:101490000900340070031100062add00822ade00f4
:1014a0008603dd00878272000200de00860bdd000d
:1014b000070070008208de0084817100f4ff2700bd
:1014c000048262008481710004002800848262002a
:1014d0006102600005f0a6000000060004827100b1
:1014e000070032000000e800e0804800000006002d
:1014f0000002be006000b800efff37006000b800d7
:1015000000000600889fbe000004eb006138e10087
:1015100016003a000100e00008003a00c800de00b2
:101520004800dd00880020000100e00003003a00d0
:10153000c800de004800dd00680444008184cf005c
:10154000e9845400060034008908dd00f0831400ab
:101550008703de00878070000900dd000904440075
:10156000610214004f04be00000006000300e0000a
:1015700008003a00c811de004811dd008800200094
:101580000300e00003003a00c811de004811dd004e
:10159000680444008384cf00e984540006003400ca
:1015a0008919dd00f08314008713de008781710044
:1015b0000911dd0009044400e1021400e9ff3700cd
:1015c0002700200001f0a70017002000470bde00d5
:1015d000f60fb200040032000643e8000a003200b1
:1015e0004702b3000000060001037800f607b200ce
:1015f0000603700002003a000703b3000000060073
:101600008702b3000000060001037800f607b2006d
:1016100006037000020032000770a0000000060000
:101620000760a000000006000478a3000400320058
:101630000578a300030032000168a30001003a000e
:101640000200be000160a0000000060081017000e1
:10165000270032008002eb0001f8a30003003200f3
:1016600060001000e080180015002000f407200042
:101670000202420020003400f703200087036000cc
:10168000060420000003630002082000000161003e
:101690004700de00c909dd0000807100c708de00d8
:1016a0000600e000080032008703710006003200e7
:1016b0001000b0000180b0000188a30002003200d9
:1016c000c108de000402e800f107b200f30f2000b9
:1016d0000320e10003003d004722dd00810072008d
:1016e0002900370001f827000000eb002600370032
:1016f0006000b80000000600680212007f20e100d0
:10170000020034006000b8001f0037006011b8000c
:101710007020e100040035008001780001007800ad
:101720008000eb00700252000400e0000900340069
:10173000f00312000719dd008419de000703dd0045
:10174000868171000400de00070bdd0006007000da
:101750008408de00f7ff270083836300870371009e
:101760000600280003036300070032000700e000c2
:1017700003003a0061016000028173000200320040
:101780001000b0000180b0000500a60000000600b7
:1017900001f0a000000006004f0ade004709de004d
:1017a000f107b200f20fb2000b003200f207b100f5
:1017b0000170a000c708dd00c901de008380700051
:1017c0004700dd000400a6000000060060001000d5
:1017d000e080180000000600810f700001003a0050
:1017e000000006008182cf000500e00010003e00ee
:1017f0008082cf00ee8242007028e10004003900b0
:1018000007003e00800078000000eb000e0037006b
:10181000708312008600de000500dd000a0037003c
:10182000708352008600dd000000eb0006003700e8
:10183000e28252008508dd00708312000603de009c
:10184000868070000500dd007507b0000501ea0024
:101850000400a6000000060060001000e0801800f0
:1018600000000600889fbe008a9fbe00841f78008b
:101870007c0007004f00780011003300f0ff2f00bc
:10188000838f6c0006003b00040565000a00a7007a
:101890000800370009f0a6001000200008003700fb
:1018a000820f5400838f5c00030039001000200079
:1018b00001003e000000200009f0a7000000ea003f
:1018c0004f05be004f04be000000e000000006000f
:1018d000881f7800030478000300e00007003d0043
:1018e00060001000e080180060011900e08119001c
:1018f00002003b0001f02d00030037000400070048
:1019000008f0a70001f0a0004f04780000000600d6
:10191000889fbe008a9fbe00008270000402710092
:1019200004827100260032000004be000200be00e6
:101930006011b8006b092000950220000182cf00e1
:101940000a0039000541b1000082cf0007003900cc
:101950000541b1000982cf00040039000541b10002
:101960000882cf00010039000541b1000542520054
:10197000120032000a003b008281710061016400a4
:101980008100d1000080d3008984d3000884d30073
:101990008b05e8000442e800f7ff3a000700370033
:1019a0000804440089844c000000480081804800fd
:1019b0008b05e9000442e900f9ff3a000300070043
:1019c0004f05be004f04be0000000600810020004d
:1019d000618055000b003d000b00200061fe2f00d0
:1019e0000100e1001d00340082817100610164008a
:1019f0008904d1000884d3000000e800faff3a000f
:101a000071002000610064000300700002006000ab
:101a10000900320061044400e0844c000988a500fc
:101a2000050032008b05e8006808e10002003a007a
:101a30008904d1000884d300f20f20000258e1008d
:101a400005003d00c75ddd00f907b2008980750023
:101a500008007800000006000bf827008b007800d3
:101a6000000005000004be0014fc07000003be00d7
:101a70000405be000200be0010fc0700844f750084
:101a8000000006000400fa00889fbe008a9fbe0086
:101a90000004be004709de0003002000f20fb20080
:101aa000f207b100f60f510030003c000200e000e8
:101ab0001c003500faff2f00fb0720000201e9009f
:101ac000030033008b85d1000a85d300fbff37006c
:101ad0008b8164000a016000e00f5100e08f590023
:101ae000220032000200200003b8270011fc07008a
:101af000a0bf9f00b1bf9f00e00f5400e08f5c00cb
:101b000002003d000a0444008b844c000a85ea0070
:101b10008b85ea008b8064000a0064000004be002c
:101b2000110037000200200003b8270001fc070065
:101b3000a0bf9f00b1bf9f00e00f5400e08f5c008a
:101b4000020035006044b800070037000800440078
:101b500089804c00e00f5000e08f580002003200f6
:101b60000800200009f82b000800be004f05be0049
:101b70004f04be000080fa00000006000400fa00d6
:101b8000889fbe008a9fbe008c9fbe000004be00de
:101b90004708de00f00fb20051092000810f50000d
:101ba00041003c000806be00e00f5400e08f5c00de
:101bb00003003d000805be000bf0a2000100370045
:101bc0000805be00d1072000810f50000a003c002c
:101bd0000200200003b024000a00be00d5fb07006d
:101be00080bf9f0091bf9f006011b8000800be0039
:101bf00094fd07002b0037000200200003b02400f2
:101c00000a00be00cbfb07000200200003b0240046
:101c1000bffb07000a01be00bdfb07000004be00b9
:101c20000200200003f02300dc0507000000e000b4
:101c3000070034000a01be000800be00bdfb07001b
:101c40000200200003f82300b1fb07000f0037005b
:101c50000200200003f02b000800be0054fb070028
:101c60000000e00006003c000a01be000800be00c3
:101c7000b0fb07000200200003f823000200370039
:101c80000a01be000800be00aafb0700e00f5600d4
:101c9000e08f5e0003003d000004be0009f0a200da
:101ca000010037000004be000800be004f06be0061
:101cb0004f05be004f04be000080fa000000060081
:101cc0000000fa0068815700cfb89700f5010700bf
:101cd0000080fa000000060006000700610007000f
:101ce000160107004001070097000700490207009e
:101cf000f0013700ec874700889fbe008a9fbe0036
:101d00008c9fbe008e1f78000006780001047800ca
:101d1000180790002805900098067800cdb79f001e
:101d2000b805900012027800920290002203900001
:101d3000b20390000400be000601be004f18de0092
:101d40006011b8008000eb00d0b79f00e1b79f00a2
:101d5000f2b79f0083bf9f00800478000900e00075
:101d6000060032006000b8006011b80004025000a4
:101d70008582580006035900878359000e00e00051
:101d8000020035000d10a100cdb79f000900e00052
:101d900005003a004fb097000028a30002003a0067
:101da0000038a300020032008a00e9000100370079
:101db0008a007800f8815700a2002000080078000f
:101dc0008b0007000900e00003003a00cfb0970045
:101dd0000128a300080032000000e900008145004e
:101de000b1c2b3000900e00001003200d1c2b3006b
:101df00001497800060037000138a30004003200d2
:101e00000000e9008080450002c2b30082487800eb
:101e1000480190000201e900000151008080450066
:101e20004fb297008a0178000c0078004402070046
:101e30009c0090000188a3000400320098009000ec
:101e4000810f500001003d00010078004f0778002d
:101e50004f06be004f05be004f04be00cf00b100cc
:101e6000000006000200fa00889fbe008a9fbe00a4
:101e700080057800010478000200780018019000c5
:101e80002805900098007800b1bf9f00b80490002a
:101e90000200e000020035000110a100b1bf9f0068
:101ea000ea815700820020008a0078001002780042
:101eb0009002900020039000b0039000080078008a
:101ec0004b0007003fb99700f000610004003200aa
:101ed0000000e9008080440002c3b300824878001b
:101ee0003fb99700e8006100040032000000e900fb
:101ef0008080440002c2b30082487800480190000c
:101f00000201e90000015100808044003fba9700bf
:101f10008a0178000b007800090207009b009000fe
:101f20000188a3000400320098009000810f500047
:101f300001003d00010078004f05be004f04be00c7
:101f40000080fa0000000600ea874700889fbe0074
:101f50008a9fbe008e1f780000047800030078007e
:101f60007287570084e2260055c72600049fbe00f2
:101f7000c3962200030f78006c875700004feb00d8
:101f800011059000a1049000910578000200e00086
:101f90000200320002077800010037007287570004
:101fa0000000e00002003a000e0078006104070023
:101fb0000a00e000030035008a0f500001003600df
:101fc0000a0078000b02780089017800000178008f
:101fd0008e00780008007800d90107004f077800cc
:101fe0004f05be004f04be00af00b1000000060068
:101ff000f4874700889fbe008a9fbe008c9fbe006a
:102000008e1f78000605be000404be0081bf9f003d
:1020100082b79f00f3b79f00b0009000e1b79f0028
:102020001301780092b79f00900690004000900046
:102030000000e900000678000d00e00001003d000e
:102040001d002000efb19700008041000048eb0028
:102050001e0020001f0037000c06e9000fb097009b
:10206000cf80de006109b900a0b79f00b1b79f0023
:10207000c2b79f00d3b79f000203be000002be009c
:102080000800be000a01be006e05070000077800c8
:10209000efb097000c80400003c3b3000348470033
:1020a0008d06e9000fb897000000e90080bf9f008f
:1020b0002fb29700bfb297004fb39700dfb39700de
:1020c0000800be000a01be00570507000205be0059
:1020d0000004be000c00e0000d003400e00f5400ce
:1020e000e08f5c00e00f5d00e08f5d00daff3a00fa
:1020f0000d00e000d8ff3c008fb897000100e00021
:10210000030034001fb197000218a300d2ff3a0069
:102110000e00e00002003a00ffb197001340a1005a
:102120000c0078004f0778004f06be004f05be0038
:102130004f04be004f01b100000006000200fa008b
:10214000889fbe008a9fbe000005780001047800c9
:102150000200780018019000a80490009800780010
:10216000b1bf9f00b80590000200e00002003500fa
:102170000110a100b1bf9f00ea815700a20020001a
:1021800089007800100278009002900020039000ef
:10219000b00390000800780095ff07004801900008
:1021a0000201e90000015100808045003fba97001c
:1021b000890178000a007800610107009a00900008
:1021c0000188a3000400320098009000810f5000a5
:1021d00001003d00010078004f05be004f04be0025
:1021e0000080fa0000000600fa874700889fbe00c2
:1021f0008a9fbe008c9fbe008e1f780080047800ee
:1022000001047800820578001801900028059000ec
:1022100018077800b80090000200e00002003500c6
:102220000e10a100010037001200200070006700ae
:10223000e0b79f000b0032001b0278009b02900069
:102240002b039000bb039000e00f5200e08f5a0078
:10225000e00f5b00e08f5b00020032008a86e9003d
:10226000010037008a067800e8026700f5b79f0092
:10227000010032008d06e9001b0278009b029000ed
:102280002b039000bb039000e4af9f00f5af9f00cd
:1022900086b79f0097b79f00480690000c06e9009c
:1022a0000c8040000048eb00efb297007fb297002f
:1022b0008903780081047800d8af9f000204780079
:1022c0008bbf9f008a057800034578002b003700fc
:1022d0000c06e9006fab97006f006300e90f500038
:1022e00002003c000003b000010037007005b000a0
:1022f0000a03fb001604b100f90f53000c003e0066
:10230000000378000650a0001606b100f90f530034
:1023100007003e00b4b79f00a5b79f00c7b79f0056
:10232000a3030700cfb39700afb297003fb2970067
:102330000c834400004b78000804e9008d06e90096
:102340006fa89700ffa897000fb197009fb1970063
:10235000460020008301d1000281d3008180d30098
:102360000080d3000603e900faff3a00e0af9f00c7
:10237000f1af9f0082b79f0093b79f00e10f560017
:102380000f0034006fa89700ffa897000fb19700c7
:102390009fb19700e00f5000e08f5800e00f590008
:1023a000e08f5900caff3a000800e000c8ff3c0077
:1023b0000d00e000020034000e18a300c4ff3a0034
:1023c00089007800f4b79f00870478005fac97001d
:1023d0008a4178000b0578008fbd97000500e0006a
:1023e000140032001b0278009b0290002b03900027
:1023f000bb039000e4af9f00f5af9f0086b79f003e
:1024000097b79f00e00f5200e08f5a00e00f5b008b
:10241000e08f5b00070032000c06e9000c804000f2
:10242000034878000c06e9000c80400002c3b300aa
:1024300002487800ffb297000500e0000400320077
:102440000c06e9000c80400002c2b300024878008c
:10245000480190000201e9000c0151008c8040000d
:102460000e0278008a01780009007800b4000700a5
:10247000990090000188a3000400320098009000a9
:10248000810f500001003d00010078004f077800e7
:102490004f06be004f05be004f04be00af01b100a5
:1024a000000006008201780001017800f1ff27009a
:1024b0004603370084082000848f50001d0032003e
:1024c0000d003c0014082000848f500027003200cb
:1024d00002003c000408200004003700240820000b
:1024e000848f50003600320044082000848f500052
:1024f00047003a003a003700040a2000848f500059
:102500002900320004003c0004092000848f5000a0
:102510003f003a002a003700020c2000828f500052
:1025200033003200020f2000828f500038003a0042
:102530002f0037009380e9000200e0000500320020
:10254000810978001102fb00cfa2de00612bb900e7
:102550002c00370081097800114278000482fb00ca
:102560008002eb006033b8002600370013027800c9
:10257000e40052000200e000060032008109780009
:1025800011027800910290004fabde0086037800c4
:102590001c00370081097800110278009102900038
:1025a0006033b800170037009380e9008109780094
:1025b00011027800cfa2de00612bb90011003700b4
:1025c00093027800e88052008109780011027800b7
:1025d0009102900021039000b103900009003700a0
:1025e0009380e9000200e00002003200efff3700b4
:1025f0009380e90081097800110278008002eb00e5
:102600006033b8000498be000690be0010000500bc
:102610000000050044082000848f5000250032008f
:1026200008003c0014082000848f50001400320081
:1026300024082000848f5000240032000408200069
:102640000c00370004092000848f50001f00320066
:1026500004003c0084082000848f500024003a00cd
:102660000e003700040a2000848f50001100320051
:10267000040c2000848f50001d003a000d0037002c
:102680009380e900810978009100780001087800c2
:10269000cf91de008288be00140037009380e900ed
:1026a000810978009100780001087800824878005c
:1026b0000e0037009380e9008109780091007800ce
:1026c0000108780082087800080037009380e9004c
:1026d0008109780091007800010878006112b90042
:1026e000612bb9008498be008690be0010000500e2
:1026f00000000500889fbe0000047800480090009c
:1027000082047800808f5400010036008004780035
:1027100009017800580090001b0207005800900043
:102720000900400050049800c800900089845000bf
:10273000490498000048eb004f04be00000006006a
:10274000f2874700889fbe008a9fbe008c9fbe0014
:102750008e1f78008004780001057800020478005c
:10276000830578006107620002003a008b0f540075
:1027700008003900080178008a0078000900780014
:10278000dcff07008b0f5400020039008805780039
:102790001e003700088655000c017800f00f560027
:1027a0000100360002012000010220007e80570057
:1027b000fc0107008c0678000500370002012000ac
:1027c000fe80570009007800caff0700f086560017
:1027d000ef8f5600f9ff3e004461de0000ff2f003e
:1027e0008091b9000c014100fe805700090078007b
:1027f000c0ff07000e00e00004003a000801780066
:102800008a00780009007800baff07000b00780002
:102810004f0778004f06be004f05be004f04be00b4
:102820002f01b100000006000000050000000500b7
:1028300000000500000178000040eb008080fb00f4
:1028400081804000439b2200818141001342780037
:102850000404e00004003a00509b22008100400084
:10286000114078000000060092017800934f52005a
:1028700005003a00509b2200810040001140780082
:102880000309e800010037000040e800ea4f50006b
:10289000eaff360000000600f6874700889fbe006a
:1028a0008a9fbe008c9fbe008e1f780000057800b6
:1028b0000104780083057800040678000000eb002e
:1028c000c0b79f008080eb00d1b79f00e0b79f00aa
:1028d000f2b79f000008200080bf9f00980078009a
:1028e000010078008004eb00010037008904e80053
:1028f000304178000204e0000300320053c2b3000c
:10290000834f5100f9ff3a000900e0000400320053
:10291000090178000a00780076ff0700188c44004f
:102920001807780050c2b3009e4f10003f013a00d4
:102930000e07e8000e0c780010003700cfb09700ab
:102940000100a0000b003700cfb097000110a000dd
:1029500008003700cfb097000120a0000500370025
:10296000cfb097000130a00002003700cfb0970031
:102970000140a000c1b79f00000ce80018007800db
:1029800090407800b2c2b30082cf5000f1ff320015
:1029900007003c0002c2b30082cf5000f0ff3200bb
:1029a00032c2b30082cf500007003a00efff370079
:1029b000d2c2b30082cf5000e0ff320002c3b300a6
:1029c00082cf5000e0ff3200a2c2b30082cf50009d
:1029d0000d003a00000ce8001c80e900000e7800b1
:1029e00010007800e0b79f000000e0000f003d00fd
:1029f000cfb097000100a200c1b79f000000ea001d
:102a0000e0b79f000900370039010700e0b79f00d9
:102a100001003700000ce800180078009000fb006f
:102a20000103b100e98f5000faff36004fb0970064
:102a30000008a300020032000010a100c0b79f00f0
:102a400018007800e1c2b30090cf100016003a00e1
:102a50008000eb00d1b79f000000e800000c780078
:102a6000a1c2b30090cf100006003a00000ce800ad
:102a70001c80e900000e780010007800d0b79f009d
:102a8000090037001a010700d0b79f000100370086
:102a9000000ce800180078009000fb000103b10072
:102aa000e98f5000faff36000800780061ff070048
:102ab00080467800180078001000fb00b501070080
:102ac00091062000810f50003800320012003c00b7
:102ad00041062000810f5000340032000a003c0003
:102ae00011062000810f5000200032003106200026
:102af000810f5000a000320051022000810f5000d1
:102b0000bc003a00b400370071062000810f50006d
:102b1000b8003c008800370001072000810f5000fa
:102b20005c00320007003c00e1062000810f5000ed
:102b30007a003200f1062000810f5000ad003a000b
:102b40003900370051072000810f50002700320064
:102b500081072000810f5000420032003107200021
:102b6000810f5000a3003a008f0037008d80fb00da
:102b70000c01780000fe2f000f004000b801070094
:102b80000000e000a800320018007800000ce80007
:102b90009041780002fe2f000f014100f88057009d
:102ba0000a00780021ff07000e0037008d80fb002f
:102bb0008c0178001200200000fe2f000f00400062
:102bc0003cfe07000000e00097003200180ce8000f
:102bd00002fe2f000f014100f88057000a00780024
:102be00044fc070080844400900037008d80fb0087
:102bf0008c0178000001eb0000fe2f000f00400068
:102c00002cfe07000000e00087003200180ce800ee
:102c100002fe2f000f014100f88057000a007800e3
:102c200046fd0700efff37008d80fb008c01780028
:102c30000001eb0000fe2f000f0040001dfe07000a
:102c40000000e00078003200180ce80002fe2f00bf
:102c50000f014100f88057000a00780081fc07004e
:102c6000e0ff37008d80fb008c0178000001eb0055
:102c700000fe2f000f0040000efe07000000e000e5
:102c80006900320018007800000ce80090417800dc
:102c90001c0037008c0178000001eb00010f2000c0
:102ca00000fe2f000f00400002fe07000000e000c1
:102cb0005d003200180ce8000fb097009fb097003d
:102cc0002fb19700bfb19700e00f5000e08f580080
:102cd000e00f5900e08f590009003a00cfb5970086
:102ce0006fb49700c09a2200120107000b0278000f
:102cf0008801780000017800c19a2200470037005f
:102d000083c7b30002fe2f000f014100f880570077
:102d10000a00780034fd0700b2ff37000b81440041
:102d20008d80fb008c01780000fe2f000f0040001a
:102d300038fe07003c0037008d80fb000c01780056
:102d400000fe2f000f004000450107000000e000da
:102d50003500320018007800000ce800904178003f
:102d600002fe2f000f014100f88057000a00780092
:102d7000aefe07009bff370000c8b30080cf5600af
:102d800029003a00180ce8001c80e900000e7800c9
:102d900010407800e0df9f0013002000e2fd2f00cc
:102da0000f0141000800370000c8b30080cf560073
:102db0001d003a00180ce8001c80e900000e7800a5
:102dc0008001eb0010017800f88057000a007800bd
:102dd0005dfc070083ff370000c8b30080cf5600ba
:102de00011003a00180ce8004fb29700efb19700bd
:102df000080037000e0c78000000eb00c0b79f0001
:102e0000e0b79f000080eb00d0b79f000002eb000e
:102e10008401780012002000219b22000a00780023
:102e200047fe07006fff3700180ce8000900780024
:102e30004f0778004f06be004f05be004f04be008e
:102e40006f01b100000006008200fa00889fbe00fa
:102e50008a1f78000005780082047800c13f9f0037
:102e60000004eb00100037000902780088017800a8
:102e7000a2f72f000f01410081f72f008f80400043
:102e80000a00780084fe070008004000880f500008
:102e900004003d00b0042000b04e89000084eb0027
:102ea00004003700000478004f3897001004e00059
:102eb000edff3a00080078004f0578004f04be008f
:102ec0000080fa000000060080007800100020005a
:102ed00002022000828f500004003200e98050007e
:102ee000e48f5000010036000000eb0000000600f7
:102ef000889fbe008a1f7800000578000a047800c9
:102f0000984478000805e8000900fb00eeff070080
:102f10000000e000f9ff3a00b0c2b30080cf5400d7
:102f200005003200d0c2b3008000eb0080cf540017
:102f300005003a00020037008000eb000100370076
:102f4000110020000804e8000000eb000300370037
:102f5000ea00b900020050000003b0003801fb0095
:102f600003fd2f0082814100e98f5100f8ff3600f8
:102f70000100e00001003a000000ea004f0578007f
:102f80004f04be00000006008001780002003700f8
:102f9000b15978000201e9000200e000fcff3a00ac
:102fa00000000600889fbe008a9fbe008004780053
:102fb0000200e0005b00320001407800814c7800a4
:102fc00082814400f1f99f00e20f51005500360064
:102fd00091449800a1449800e1f99f00d1f99f0025
:102fe000e60f51004f003600b1449800c1f99f0030
:102ff000e80f51004b0036000905ea006305650043
:103000000a8444000a055100c1ff2f000105650034
:103010000080fb008000eb00121020001310200045
:10302000e0000700008cbe000a01440060b99f0068
:1030300071b99f00e80f55003a003600200498004f
:1030400031049800400498005104980020b99f0072
:1030500031b99f0040b99f0051b99f00f80f55004a
:10306000300036006004980071049800000c98004d
:10307000110c9800200c9800310c9800400c98001e
:10308000510c980020b19f0031b19f0040b19f00ca
:1030900051b19f0060b19f0071b19f0000b99f00c6
:1030a00011b99f00640164007801410002044400ea
:1030b000020555006011b8000203be000002be0008
:1030c0000403be006022b80000007200818072001c
:1030d000020173008381730010003700009cbe0062
:1030e0000294be00400498005104980062049800c5
:1030f00073049800000c9800110c9800220c9800a2
:10310000330c9800400c9800510c9800620c980009
:10311000730c98000a02b1000802b000ff0f5500be
:10312000eeff3e00090078004f05be004f04be00d0
:103130000000060080007800040037003104e00041
:1031400002003a0000005100000006000101780072
:103150000108a300f9ff3a008101780031017800ed
:10316000f4ef2f00020242000281ea000201620035
:103170000408280004016100f7ff32008300780092
:10318000010178003104e000fdff3a000000510029
:1031900000000600f1fb2f0080804000f98f5000f6
:1031a00001003e000050a00000000600f9ff3700bb
:1031b000f1f92f0080804000f98f500001003e009f
:1031c000f005b20000000600f9ff3700f287470063
:1031d0008e1f780002027800030178000000e000f2
:1031e00002003200000778000100370072875700a4
:1031f0008002eb000100e000010032008102e900e2
:1032000070805700060009000018eb000080eb00fa
:1032100080bf9f002310200093bf9f00aebf9f0080
:10322000b1bf9f00c5bf9f000100e00003003d004b
:10323000b1042000b14e890006003700004feb00ba
:10324000eebf9f00debf9f008400780070805700b3
:10325000250007004f0778002f01b100000006008d
:10326000881f78000004780000082000808f50003c
:103270001a00350010082000808f50000d00340027
:1032800030082000808f500014003a00920078002f
:1032900068805000000978001002780090029000c9
:1032a00020039000b0039000049cbe000694be0072
:1032b000080037009202780064805200000978000c
:1032c000900090001000780015000700009cbe00e0
:1032d0000294be0010002000010037000000eb0047
:1032e0004f047800000006000200fa00881f7800f2
:1032f00000047800e2bf9f00648157000800780056
:10330000d1fe0700980090000148a30001003200a0
:103310000080eb004f0478000080fa0000000600f7
:1033200081037800e5f507000001be006000b800e9
:103330000478a30013003a006220e10015003e006b
:103340000d0039008301d1000281d3008180d300b8
:103350008301d1000281d3008180d3008301d10099
:103360000281d3008180d3000538b000c42add007b
:10337000f300b2008381720007f0a70003f0a00001
:103380000000060083ff2700020020006110b90042
:10339000f9ff370003ff2700f7ff3700f4ff2f0086
:1033a00030f93700020ab900001bb9000200b8006a
:1033b000810042008100430000000600889fbe009b
:1033c0008a9fbe0030044200b0844a0030054b00a2
:1033d00090854b006000b1000898be000a90be00c6
:1033e0000440e10005c8e10006d0e10007d8e10093
:1033f00002003100680040001008e8004f05be00e0
:103400004f04be0000000600889fbe008a9fbe00d9
:10341000100478009004900020059000b005900002
:103420000418540005985c0006185d0007985d00bc
:10343000110020000440e10005c8e10006d0e100d1
:1034400007d8e100010039008000eb00108810006f
:103450004f05be004f04be00000006001200fa0037
:10346000889fbe008a9fbe008c9fbe00e0b79f0071
:10347000f1b79f0082bf9f0093bf9f000605be006b
:103480000404be000000eb00d0b79f00c0b79f004f
:10349000b0b79f00a0b79f0090b79f0000067800cc
:1034a0005fb19700cfb09700820141003fb0970015
:1034b0000200e00004003d00370007007e80570056
:1034c000beff070003003700330007007e8057006f
:1034d000cdff0700dfb697000d00e0000c003500bf
:1034e0006fb29700ffb297000fbb97009fbb97008a
:1034f00010002000010020006011b80000027200de
:103500008182720002037300838373001b00070033
:103510000c06e80001042000810f5600e0ff3a008d
:103520000d00e00004003d000802be000a03be00da
:103530007e805700a1ff07005fa897000000e00011
:1035400005003a001fb29700afb297003fb3970053
:10355000cfb39700090007006fb09700ffb0970046
:103560000fb997009fb997004f06be004f05be00e8
:103570004f04be000080fa000000060001000700b2
:1035800000000600a4b79f00b5b79f00c6b79f0014
:10359000d7b79f00000006004f09de00828171004e
:1035a000b3b79f004f01de00818040008280700031
:1035b000a1b79f008fb097004f09de0000004000c8
:1035c0000200700090b79f007fa897004f01de00b7
:1035d000818040008280700081b79f000d0007004d
:1035e0004f3ade000000400004007000f0af9f0082
:1035f000080007000402420085824a0006034b00cf
:1036000087834b00dfff07000802be000a03be00ed
:10361000000006002fb29700bfb297004fb397008b
:10362000dfb3970000000600881f78001800200014
:10363000881f780089ff07008f87e9004f04780012
:1036400000000600801feb0084ff07008f87e90061
:1036500000000600889fbe008a9fbe00e00f500059
:10366000e08f5800e00f5900e08f59000c003d003a
:103670006044b8006055b8000000540081805c00d0
:1036800002015d0083815d00180020001500070025
:1036900008003d00180007000004eb00050037009b
:1036a0000004eb000f00070002003d0012000700bd
:1036b00018002000dcff07000800e00006003200d0
:1036c0006022b8006033b8000000520081805a00c8
:1036d00002015b0083815b004f05be004f04be000a
:1036e00000000600e00f5200e08f5a00e00f5b0080
:1036f000e08f5b00000006006044b8006055b80031
:103700000402540085825c0006035d0087835d002f
:1037100000000600889fbe008a9fbe008c1f7800b4
:10372000e00f5000e08f5800e00f5900e08f590083
:103730000d003d006044b8006055b8000000540022
:1037400081805c0002015d0083815d001c0020001f
:103750000820e10009a8e1000ab0e1000bb8e1008f
:103760000d003d00080037000006eb00e00f52009e
:10377000e08f5a00e00f5b00e08f5b0006003d0029
:103780006044b8006055b8000402540085825c00b3
:1037900006035d0087835d00aaff07000c00e000c0
:1037a000060032006022b8006033b800000052000a
:1037b00081805a0002015b0083815b004f06780024
:0c37c0004f05be004f04be0000000600d4
:020000040000fa
:1037cc00492400009248000001f80000e7e70000df
:1037dc006742000042420000420900000241000022
:1037ec0010440000111f0000f11000004c120000ea
:1037fc003fe100002048000012040000812000007e
:10380c004804000007a2000019020000401000004c
:10381c00030000003c0000008010000006010000c6
:10382c00e0a70000c040000010040000003c0000b5
:10383c001984000021080000660f0000000c000035
:10384c001c78000001e00000cc21000008430000bf
:10385c00307800003e300000100800000203000029
:10386c0003470000148a0000431100008f60000021
:10387c00fda40000900500002524000092480000e3
:10388c009224000011240000892400009292000070
:10389c00900000000402000011070000f0c00000be
:1038ac005048000042000000080400000201000023
:1038bc0000870000fc20000010080000040200003b
:1038cc00003b00009cce000062000000ffe0000006
:1038dc00ff80000000800000c0400000202000009d
:1038ec001010000008080000040400000202000090
:1038fc00010100000080000080400000001c00005e
:10390c0031900000583800000c0600000301000044
:10391c0080c00000603000003413000018700000fc
:10392c0030e1000044810000020400000810000097
:10393c0020400000811f0000c01e000010900000fd
:10394c0068100000080c00000404000004060000cd
:10395c0006060000060e000007fe00003e100000e8
:10396c00400800000200000080400000e00400005d
:10397c00008000001004000001000000d86300006b
:10398c00e00600000a0a0000122200002242000099
:10399c004282000082ff000002020000020f0000c1
:1039ac007f2000001008000004020000f18c0000d1
:1039bc0003000000804000002018000016180000d2
:1039cc00f00f00008c080000080400000402000046
:1039dc0079460000c1e000006028000014190000c6
:1039ec0008780000ff810000810200000202000044
:1039fc000204000004040000040800000808000091
:103a0c00083e000031b00000701800000c050000ea
:103a1c008c3800006340000060300000181b000070
:103a2c0018f800003c31000030500000280c000059
:103a3c000f060000853c0000804000004020000084
:103a4c0020630000e0ff000080070000fc3900004c
:103a5c00ce0000000006000033980000c4000000f7
:103a6c0000c00000601800000c060000018000007f
:103a7c000c0000006003000000300000010000009a
:103a8c00fff00000000000000fff0000c006000067
:103a9c0000300000018000001801000080c0000010
:103aac00301800000c020000000000003e60000016
:103abc00a0200000100800000818000010080000ea
:103acc000000000000010000c0e000001c310000fc
:103adc0010500000281400003a250000229100002c
:103aec004ca30000f008000002010000807c0000e4
:103afc003f0000000c000000480100002004000002
:103b0c004021000000840000040800001fe00000b9
:103b1c0040820000010800000420000013e10000b6
:103b2c00f0ff000008110000012000002404000038
:103b3c00811f0000c2060000406800000500000064
:103b4c00a014000005ff0000001e000048740000d7
:103b5c000501000080200000080200000080000029
:103b6c00200400000101000030870000c0fe0000ae
:103b7c001044000009020000405000001405000031
:103b8c0001400000501400000d020000413f0000f5
:103b9c0080ff0000c80900000120000004000000a4
:103bac00881f0000022000004008000001000000f7
:103bbc00a014000003ff0000c0ff0000e805000097
:103bcc0000a0000004000000881f0000022000007c
:103bdc0040080000010000002004000001f000007b
:103bec00001f0000461900000160000028010000c1
:103bfc00002000000400000083f000000b01000016
:103c0c00202300000c3e000000e10000d024000046
:103c1c00090200004090000027f90000024000005b
:103c2c00902400000902000040b8000070fe000063
:103c3c002040000081020000040800001020000059
:103c4c00408100001fc000000fe0000010020000c7
:103c5c00004000000801000000200000048000006b
:103c6c009012000002400000c63000007c000000f2
:103c7c00f1e400000c4100000420000044040000aa
:103c8c00805c00000660000043040000104000004f
:103c9c008408000040cf000007f80000040000007a
:103cac00801000000200000040080000010000002d
:103cbc0020040000048000009012000003ff0000ac
:103ccc00c0e000003b01000094140000a0a4000020
:103cdc00892400004914000048a20000451200008d
:103cec00109000000480000024010000783c0000cb
:103cfc00e0f60000025000002502000048240000fd
:103d0c00c2440000242200004324000012400000a2
:103d1c00a40a0000406f0000060f0000030c000016
:103d2c006064000002800000180100008018000090
:103d3c000180000018010000402600000630000041
:103d4c00c0f00000ff1000006405000001400000fe
:103d5c005034000019fc0000401000000401000069
:103d6c00004000003e0000000f0300000c6000004b
:103d7c00640200008018000001800000180100009f
:103d8c0080180000014000002606000030c1000031
:103d9c00f00c000001f1000030e00000ff04000016
:103dac0018400000c4040000404400000c41000016
:103dbc0087e0000043040000104000008404000071
:103dcc00404f0000031f00004834000005010000b4
:103ddc004008000001c000000e0000004018000068
:103dec0006010000e1a70000c0ff0000f086000003
:103dfc0010820000004000000801000000200000bc
:103e0c00040000008010000002000000407f000051
:103e1c0000f00000f402000040240000024000000a
:103e2c002402000040240000024000002402000094
:103e3c004022000004300000c0f00000f87c0000bc
:103e4c00802200000104000004100000204000004b
:103e5c0080820000021000000840000011000000e9
:103e6c0048010000a0030000000c000000f8000056
:103e7c007c8000002200000088c20000231000009b
:103e8c008e420000290900002424000090910000bb
:103e9c0041850000061400001870000060800000ce
:103eac00f0f200000630000041080000098000001c
:103ebc0050060000006000000d000000881000009b
:103ecc00c2040000602f00000ff00000f20200009e
:103edc0010410000040800008050000005000000a4
:103eec002002000000200000020000002002000060
:103efc0001fc0000ff400000a090000040400000ca
:103f0c00402000002020000010500000301800005d
:103f1c000ffc0000f249000024920000492400002c
:103f2c009c800000601000000802000001000000ee
:103f3c004020000008040000010000008020000068
:103f4c00100400000200000080400000e492000019
:103f5c0049240000924900003c0800000c090000b4
:103f6c000c4c000014040000fffc00008421000035
:103f7c003e00000060080000023f0000982800008e
:103f8c000a020000c39f000030e0000001000000a6
:103f9c00080000004002000000130000e0a0000038
:103fac0086020000200900000048000002400000ca
:103fbc0013010000141b00009f0000001f4c0000a8
:103fcc001901000040280000010000002002000040
:103fdc000060000043f0000000c000000801000079
:103fec0000200000043c00009852000006800000f5
:103ffc00500a000001400000240c0000c2870000a1
:10400c00983f00001868000006010000ffe0000067
:10401c000803000000600000c7c000000f980000fb
:10402c000804000002070000f88000004020000097
:10403c00100800000402000001030000f81e00003c
:10404c006c390000034000002805000000a00000af
:10405c001206000061430000c801000000200000af
:10406c00083e000000c00000100400000100000029
:10407c0040130000871100008240000090240000d3
:10408c0009020000409000002e1c000008040000f3
:10409c000200000000030000c02000001008000017
:1040ac00040200000100000080430000fe04000038
:1040bc0008100000001f0000c08100000204000076
:1040cc000810000020400000810200000be00000fe
:1040dc00e0020000002000000200000020020000ae
:1040ec003c210000026000002c0300008024000032
:1040fc00022000002102000008e10000f07800001e
:10410c0004020000010000008040000020100000ac
:10411c0008040000020100000080000043fe0000c3
:10412c00dce30000199000008484000024210000ce
:10413c002109000008480000424200001718000046
:10414c00c0670000838400002022000002200000d1
:10415c002202000020220000022000002f07000095
:10416c001f040000110100004018000003000000b3
:10417c00600a00000220000083e00000cf850000f0
:10418c000660000024010000401400000140000003
:10419c001602000050440000f8400000040000002b
:1041ac00400f0000001e00006c3b000003400000ac
:1041bc002805000000a0000012060000614300006a
:1041cc00c80100000020000004030000c0e3000050
:1041dc008b1300008080000020080000020000000b
:1041ec00802000003f8000001f58000034050000b4
:1041fc00801e00000060000006010000c0af00003f
:10420c00c020000004000000801000000ff000002f
:10421c0040080000010000002004000000800000a5
:10422c0010030000043f000000c10000c80900009a
:10423c000120000024040000809000001202000005
:10424c0061c70000ccf80000f90100000810000064
:10425c0060810000080800004022000001200000de
:10426c000500000030000000f07a00000110000092
:10427c00088c00004262000012900000a5050000ae
:10428c0018280000c086000000780000f30400002d
:10429c0018800000d00600000070000009810000aa
:1042ac000c2000006f8f0000f0f2000002200000d4
:1042bc00410400001080000088090000005000003c
:1042cc00060000002004000000400000080f000061
:1042dc00e0ff0000410000008080000080800000b2
:1042ec008080000040bf0000c019000008420000a0
:1042fc0010840000641800004210000084200000ac
:10430c00c0ff0000ffc00000c10800004210000008
:10431c00841000004c4200001084000026000000b5
:10432c0038130000383800000000000000000000c6
:10433c000e0000000100000000000000030f000050
:10434c000e060000f2000000060000000807000046
:10435c000e030000f20000000d0000000a10000027
:10436c000e020000f2000000210000000a11000003
:10437c000e020000f2000000370000000a0f0000df
:10438c000e020000f20000004a000000090c0000c0
:10439c000e030000f50000005800000003070000a9
:1043ac000e050000f20000005b000000031200008c
:1043bc000e070000f2000000620000000312000073
:1043cc000e040000f2000000690000000909000062
:1043dc000e030000f200000074000000090b000046
:1043ec000e030000f500000081000000050700002e
:1043fc000e030000fd000000860000000b01000011
:10440c000e020000fa000000880000000303000008
:10441c000e050000fe0000008a00000009120000da
:10442c000e030000f10000009f000000090f0000c7
:10443c000e030000f2000000b0000000070e0000a8
:10444c000e040000f3000000bd000000090f000086
:10445c000e020000f2000000ce0000000a0f000067
:10446c000e020000f2000000e1000000080f000046
:10447c000e030000f2000000f0000000090f000025
:10448c000e030000f200000001010000090f000003
:10449c000e030000f200000012010000080f0000e3
:1044ac000e030000f200000021010000090f0000c3
:1044bc000e030000f200000032010000090f0000a2
:1044cc000e030000f200000043010000030a00008c
:1044dc000e050000f700000047010000050d00006c
:1044ec000e030000f7000000500100000b0b000051
:1044fc000e020000f5000000600100000c0400003a
:10450c000e010000f8000000660100000b0b00001b
:10451c000e020000f500000076010000090e0000fc
:10452c000e030000f30000008601000009100000db
:10453c000e030000f2000000980100000e0e0000b7
:10454c000e000000f3000000b10100000b0e000093
:10455c000e020000f3000000c50100000a0e00006e
:10456c000e020000f3000000d70100000a0e00004c
:10457c000e020000f3000000e90100000b0e000029
:10458c000e020000f3000000fd0100000b0e000005
:10459c000e020000f3000000110200000b0e0000e0
:1045ac000e020000f3000000250200000a0e0000bd
:1045bc000e020000f300000037020000070e00009e
:1045cc000e040000f3000000440200000b0e00007b
:1045dc000e020000f3000000580200000c0e000058
:1045ec000e020000f30000006d0200000b0e000034
:1045fc000e020000f3000000810200000d0e00000e
:10460c000e010000f3000000980200000c0e0000e8
:10461c000e010000f3000000ad0200000c0e0000c3
:10462c000e010000f3000000c20200000a0e0000a0
:10463c000e020000f3000000d40200000c11000078
:10464c000e010000f3000000ee0200000c0e000052
:10465c000e020000f3000000030300000a0e00002d
:10466c000e020000f3000000150300000b0e00000a
:10467c000e020000f3000000290300000c0e0000e5
:10468c000e010000f30000003e0300000e0e0000bf
:10469c000e000000f3000000570300000e0e000097
:1046ac000e000000f3000000700300000c0e000070
:1046bc000e010000f3000000850300000c0e00004a
:1046cc000e010000f30000009a030000090e000028
:1046dc000e030000f3000000aa0300000312000008
:1046ec000e070000f2000000b103000009120000e8
:1046fc000e030000f1000000c603000003120000ce
:10470c000e050000f2000000cd03000009060000b9
:10471c000e030000f2000000d40300000e010000a4
:10472c000e00000003000000d6030000040400008b
:10473c000e040000f1000000d80300000a0a00007b
:10474c000e020000f7000000e50300000d0f000052
:10475c000e000000f2000000fe0300000b0a000037
:10476c000e020000f70000000c0400000b0f00000c
:10477c000e020000f2000000210400000a0a0000f2
:10478c000e020000f70000002e040000090f0000cc
:10479c000e040000f20000003f0400000b0e0000ad
:1047ac000e020000f7000000530400000a0f000086
:1047bc000e020000f200000066040000090f000069
:1047cc000e030000f2000000770400000713000045
:1047dc000e030000f2000000880400000c0f000023
:1047ec000e010000f20000009f040000090f000001
:1047fc000e030000f2000000b00400000d0a0000df
:10480c000e010000f7000000c10400000c0a0000bb
:10481c000e010000f7000000d00400000b0a00009d
:10482c000e020000f7000000de0400000c0e000079
:10483c000e010000f7000000f30400000b0e000056
:10484c000e020000f7000000070500000a0a000035
:10485c000e030000f7000000140500000a0a000017
:10486c000e020000f7000000210500000b0e0000f6
:10487c000e010000f3000000350500000b0a0000db
:10488c000e020000f7000000430500000d0a0000b6
:10489c000e010000f7000000540500000d0a000096
:1048ac000e010000f7000000650500000c0a000076
:1048bc000e010000f7000000740500000c0e000053
:1048cc000e010000f700000089050000090a000035
:1048dc000e030000f7000000950500000512000013
:1048ec000e050000f2000000a105000001120000fe
:1048fc000e070000f2000000a405000005120000e5
:10490c000e050000f2000000b00500000a030000d4
:10491c000e020000f9000000e69b00009aa10000c6
:10492c00200000007e0000001800000000000000c5
:10493c0000000000ffff0000ffff0000ffff000071
:10494c00ffff0000ffff0000ffff0000ffff000063
:10495c00ffff0000ffff0000ffff0000ffff000053
:10496c00ffff0000ff0000000000000000ff00003f
:10497c00ffff0000ffff0000ffff0000ffff000033
:10498c00ffff0000ffff0000ffff0000ffff000023
:10499c00ffff0000ffff0000ffff0000ff00000012
:1049ac0000000000000000000000000000000000fb
:1049bc000000000000ff0000ffff0000ffff0000f0
:1049cc00ffff0000ff0000000000000000000000de
:1049dc0000000000ffff0000ffff0000ffff0000d1
:1049ec00ffff0000000000000000000000000000bd
:1049fc000000000000000000ffff0000ffff0000af
:104a0c00ffff0000ffff0000ffff0000ffff0000a2
:104a1c00ffff0000ffff0000ffff0000ffff000092
:104a2c00ffff00000000000000000000000000007c
:104a3c0000000000ffff0000ffff0000ffff000070
:104a4c00ffff0000ffff0000ffff0000ffff000062
:104a5c00ffff0000ffff0000ffff0000ffff000052
:104a6c00ffff0000ff0000000000000000ff00003e
:104a7c00ffff0000ffff0000ffff0000ffff000032
:104a8c00ffff0000ffff0000ffff0000ffff000022
:104a9c00ffff0000ffff0000ffff0000ff00000011
:104aac0000000000000000000000000000000000fa
:104abc000000000000ff0000ffff0000ffff0000ef
:104acc00ffff0000ff0000000000000000000000dd
:104adc0000000000ffff0000ffff0000ffff0000d0
:104aec00ffff0000000000000000000000000000bc
:104afc000000000000000000ffff0000ffff0000ae
:104b0c00ffff0000ffff0000ffff0000ffff0000a1
:104b1c00ffff0000ffff0000ffff0000ffff000091
:104b2c00ffff00000000000000000000000000007b
:104b3c0000ff0000ffff0000ffff0000ffff000070
:104b4c00ffff0000ffff0000ffff0000ffff000061
:104b5c00ffff0000ffff0000ffff0000ffff000051
:104b6c00ffff0000ff0000000000000000ff00003d
:104b7c00ffff0000ffff0000ffff0000ffff000031
:104b8c00ffff0000ffff0000ffff0000ffff000021
:104b9c00ffff0000ffff0000ffff0000ffff000011
:104bac0000000000000000000000000000000000f9
:104bbc000000000000ff0000ffff0000ffff0000ee
:104bcc00ffff0000ffff00000000000000000000dd
:104bdc0000000000ffff0000ffff0000ffff0000cf
:104bec00ffff0000ff0000000000000000000000bc
:104bfc000000000000ff0000ffff0000ffff0000ae
:104c0c00ffff0000ffff0000ffff0000ffff0000a0
:104c1c00ffff0000ffff0000ffff0000ffff000090
:104c2c00ffff0000ff00000000000000000000007b
:104c3c0000ff0000ffff0000ffff0000ffff00006f
:104c4c00ffff0000ffff0000ffff0000ffff000060
:104c5c00ffff0000ffff0000ffff0000ffff000050
:104c6c00ffff0000ff0000000000000000ff00003c
:104c7c00ffff0000ffff0000ffff0000ffff000030
:104c8c00ffff0000ffff0000ffff0000ffff000020
:104c9c00ffff0000ffff0000ffff0000ffff000010
:104cac0000000000000000000000000000000000f8
:104cbc000000000000ff0000ffff0000ffff0000ed
:104ccc00ffff0000ffff00000000000000000000dc
:104cdc0000000000ffff0000ffff0000ffff0000ce
:104cec00ffff0000ff0000000000000000000000bb
:104cfc000000000000ff0000ffff0000ffff0000ad
:104d0c00ffff0000ffff0000ffff0000ffff00009f
:104d1c00ffff0000ffff0000ffff0000ffff00008f
:104d2c00ffff0000ff00000000000000000000007a
:104d3c00ffff0000ffff0000ffff0000ffff00006f
:104d4c00ffff0000ffff0000ffff0000ffff00005f
:104d5c00ffff0000ffff0000ffff0000ffff00004f
:104d6c00ffff0000ff0000000000000000ff00003b
:104d7c00ffff0000ffff0000ffff0000ffff00002f
:104d8c00ffff0000ffff0000ffff0000ffff00001f
:104d9c00ffff0000ffff0000ffff0000ffff00000f
:104dac00ff000000000000000000000000000000f8
:104dbc000000000000ff0000ffff0000ffff0000ec
:104dcc00ffff0000ffff0000ff00000000000000dc
:104ddc0000000000ffff0000ffff0000ffff0000cd
:104dec00ffff0000ffff00000000000000000000bb
:104dfc000000000000ff0000ffff0000ffff0000ac
:104e0c00ffff0000ffff0000ffff0000ffff00009e
:104e1c00ffff0000ffff0000ffff0000ffff00008e
:104e2c00ffff0000ffff000000000000000000007a
:104e3c00ffff0000ffff0000ffff0000ffff00006e
:104e4c00ffff0000ffff0000ffff0000ffff00005e
:104e5c00ffff0000ffff0000ffff0000ffff00004e
:104e6c00ffff0000ff0000000000000000ff00003a
:104e7c00ffff0000ffff0000ffff0000ffff00002e
:104e8c00ffff0000ffff0000ffff0000ffff00001e
:104e9c00ffff0000ffff0000ffff0000ffff00000e
:104eac00ff000000000000000000000000000000f7
:104ebc000000000000ff0000ffff0000ffff0000eb
:104ecc00ffff0000ffff0000ff00000000000000db
:104edc0000000000ffff0000ffff0000ffff0000cc
:104eec00ffff0000ffff00000000000000000000ba
:104efc000000000000ff0000ffff0000ffff0000ab
:104f0c00ffff0000ffff0000ffff0000ffff00009d
:104f1c00ffff0000ffff0000ffff0000ffff00008d
:104f2c00ffff0000ffff00000000000000ff00007a
:104f3c00ffff0000ffff0000ffff0000ffff00006d
:104f4c00ffff0000ffff0000ffff0000ffff00005d
:104f5c00ffff0000ffff0000ffff0000ffff00004d
:104f6c00ffff0000ff0000000000000000ff000039
:104f7c00ffff0000ffff0000ffff0000ffff00002d
:104f8c00ffff0000ffff0000ffff0000ffff00001d
:104f9c00ffff0000ffff0000ffff0000ffff00000d
:104fac00ffff0000ff0000000000000000000000f8
:104fbc000000000000ff0000ffff0000ffff0000ea
:104fcc00ffff0000ffff0000ffff000000000000db
:104fdc0000000000ffff0000ffff0000ffff0000cb
:104fec00ffff0000ffff0000ff00000000000000ba
:104ffc0000000000ffff0000ffff0000ffff0000ab
:10500c00ffff0000ffff0000ffff0000ffff00009c
:10501c00ffff0000ffff0000ffff0000ffff00008c
:10502c00ffff0000ffff0000ff00000000ff00007a
:10503c00ffff0000ffff0000ffff0000ffff00006c
:10504c00ffff0000ffff0000ffff0000ffff00005c
:10505c00ffff0000ffff0000ffff0000ffff00004c
:10506c00ffff0000ff0000000000000000ff000038
:10507c00ffff0000ffff0000ffff0000ffff00002c
:10508c00ffff0000ffff0000ffff0000ffff00001c
:10509c00ffff0000ffff0000ffff0000ffff00000c
:1050ac00ffff0000ff0000000000000000000000f7
:1050bc000000000000ff0000ffff0000ffff0000e9
:1050cc00ffff0000ffff0000ffff000000000000da
:1050dc0000000000ffff0000ffff0000ffff0000ca
:1050ec00ffff0000ffff0000ff00000000000000b9
:1050fc0000000000ffff0000ffff0000ffff0000aa
:10510c00ffff0000ffff0000ffff0000ffff00009b
:10511c00ffff0000ffff0000ffff0000ffff00008b
:10512c00ffff0000ffff0000ff000000ffff00007a
:10513c00ffff0000ffff0000ffff0000ffff00006b
:10514c00ffff0000ffff0000ffff0000ffff00005b
:10515c00ffff0000ffff0000ffff0000ffff00004b
:10516c00ffff0000ff0000000000000000ff000037
:10517c00ffff0000ffff0000ffff0000ffff00002b
:10518c00ffff0000ffff0000ffff0000ffff00001b
:10519c00ffff0000ffff0000ffff0000ffff00000b
:1051ac00ffff0000ffff00000000000000000000f7
:1051bc000000000000ff0000ffff0000ffff0000e8
:1051cc00ffff0000ffff0000ffff0000ff000000da
:1051dc0000000000ffff0000ffff0000ffff0000c9
:1051ec00ffff0000ffff0000ff00000000000000b8
:1051fc0000ff0000ffff0000ffff0000ffff0000aa
:10520c00ffff0000ffff0000ffff0000ffff00009a
:10521c00ffff0000ffff0000ffff0000ffff00008a
:10522c00ffff0000ffff0000ffff0000ffff00007a
:10523c00ffff0000ffff0000ffff0000ffff00006a
:10524c00ffff0000ffff0000ffff0000ffff00005a
:10525c00ffff0000ffff0000ffff0000ffff00004a
:10526c00ffff0000ff0000000000000000ff000036
:10527c00ffff0000ffff0000ffff0000ffff00002a
:10528c00ffff0000ffff0000ffff0000ffff00001a
:10529c00ffff0000ffff0000ffff0000ffff00000a
:1052ac00ffff0000ffff00000000000000000000f6
:1052bc000000000000ff0000ffff0000ffff0000e7
:1052cc00ffff0000ffff0000ffff0000ff000000d9
:1052dc0000000000ffff0000ffff0000ffff0000c8
:1052ec00ffff0000ffff0000ff00000000000000b7
:1052fc0000ff0000ffff0000ffff0000ffff0000a9
:10530c00ffff0000ffff0000ffff0000ffff000099
:10531c00ffff0000ffff0000ffff0000ffff000089
:10532c00ffff0000ffff0000ffff0000ffff000079
:10533c00ffff0000ffff0000ffff0000ffff000069
:10534c000000000000000000000000000000000051
:10535c000000000000000000000000000000000041
:10536c0000000000000000000000000000ff000032
:10537c00ffff0000ffff0000ffff0000ff00000028
:10538c000000000000000000000000000000000011
:10539c000000000000000000ffff0000ffff000005
:1053ac00ffff0000ffff00000000000000000000f5
:1053bc00000000000000000000000000ffff0000e3
:1053cc00ffff0000ffff0000ffff0000ff000000d8
:1053dc00000000000000000000ff0000ffff0000c4
:1053ec00ffff0000ffff0000ff00000000000000b6
:1053fc0000ff0000ffff0000ffff0000ffff0000a8
:10540c00ffff000000000000000000000000000092
:10541c00000000000000000000ff0000ffff000083
:10542c00ffff0000ffff0000ffff0000ffff000078
:10543c00ffff0000ffff0000ffff0000ffff000068
:10544c000000000000000000000000000000000050
:10545c000000000000000000000000000000000040
:10546c0000000000000000000000000000ff000031
:10547c00ffff0000ffff0000ffff0000ff00000027
:10548c000000000000000000000000000000000010
:10549c000000000000000000ffff0000ffff000004
:1054ac00ffff0000ffff00000000000000000000f4
:1054bc00000000000000000000000000ffff0000e2
:1054cc00ffff0000ffff0000ffff0000ff000000d7
:1054dc00000000000000000000ff0000ffff0000c3
:1054ec00ffff0000ffff0000ff00000000000000b5
:1054fc0000ff0000ffff0000ffff0000ffff0000a7
:10550c00ffff000000000000000000000000000091
:10551c00000000000000000000ff0000ffff000082
:10552c00ffff0000ffff0000ffff0000ffff000077
:10553c00ffff0000ffff0000ffff0000ff00000066
:10554c00000000000000000000000000000000004f
:10555c00000000000000000000000000000000003f
:10556c0000000000000000000000000000ff000030
:10557c00ffff0000ffff0000ffff0000ff00000026
:10558c00000000000000000000000000000000000f
:10559c00000000000000000000ff0000ffff000002
:1055ac00ffff0000ffff0000ff00000000000000f4
:1055bc0000000000000000000000000000ff0000e0
:1055cc00ffff0000ffff0000ffff0000ff000000d6
:1055dc00000000000000000000000000ffff0000c1
:1055ec00ffff0000ffff0000ff00000000000000b4
:1055fc0000ff0000ffff0000ffff0000ffff0000a6
:10560c00ff0000000000000000000000000000008f
:10561c00000000000000000000000000ffff000080
:10562c00ffff0000ffff0000ffff0000ffff000076
:10563c00ffff0000ffff0000ffff0000ff00000065
:10564c00000000000000000000000000000000004e
:10565c00000000000000000000000000000000003e
:10566c0000000000000000000000000000ff00002f
:10567c00ffff0000ffff0000ffff0000ff00000025
:10568c00000000000000000000000000000000000e
:10569c00000000000000000000ff0000ffff000001
:1056ac00ffff0000ffff0000ff00000000000000f3
:1056bc0000000000000000000000000000ff0000df
:1056cc00ffff0000ffff0000ffff0000ff000000d5
:1056dc00000000000000000000000000ffff0000c0
:1056ec00ffff0000ffff0000ff00000000000000b3
:1056fc0000ff0000ffff0000ffff0000ffff0000a5
:10570c00ff0000000000000000000000000000008e
:10571c00000000000000000000000000ffff00007f
:10572c00ffff0000ffff0000ffff0000ffff000075
:10573c00ffff0000ffff0000ffff00000000000063
:10574c00000000000000000000000000000000004d
:10575c00000000000000000000000000000000003d
:10576c0000000000000000000000000000ff00002e
:10577c00ffff0000ffff0000ffff0000ff00000024
:10578c00000000000000000000000000000000000d
:10579c00000000000000000000000000ffff0000ff
:1057ac00ffff0000ffff0000ff00000000000000f2
:1057bc0000000000000000000000000000000000dd
:1057cc00ffff0000ffff0000ffff0000ff000000d4
:1057dc00000000000000000000000000ffff0000bf
:1057ec00ffff0000ffff0000ff00000000000000b2
:1057fc0000ff0000ffff0000ffff0000ffff0000a4
:10580c00000000000000000000000000000000008c
:10581c0000000000000000000000000000ff00007d
:10582c00ffff0000ffff0000ffff0000ffff000074
:10583c00ffff0000ffff0000ffff00000000000062
:10584c00000000000000000000000000000000004c
:10585c00000000000000000000000000000000003c
:10586c0000000000000000000000000000ff00002d
:10587c00ffff0000ffff0000ffff0000ff00000023
:10588c00000000000000000000000000000000000c
:10589c00000000000000000000000000ffff0000fe
:1058ac00ffff0000ffff0000ff00000000000000f1
:1058bc0000000000000000000000000000000000dc
:1058cc00ffff0000ffff0000ffff0000ff000000d3
:1058dc00000000000000000000000000ffff0000be
:1058ec00ffff0000ffff0000ff00000000000000b1
:1058fc0000ff0000ffff0000ffff0000ffff0000a3
:10590c00000000000000000000000000000000008b
:10591c0000000000000000000000000000ff00007c
:10592c00ffff0000ffff0000ffff0000ffff000073
:10593c00ffff0000ffff0000ffff00000000000061
:10594c00000000000000000000000000000000004b
:10595c00000000000000000000000000000000003b
:10596c0000000000000000000000000000ff00002c
:10597c00ffff0000ffff0000ffff0000ff00000022
:10598c00000000000000000000000000000000000b
:10599c00000000000000000000000000ffff0000fd
:1059ac00ffff0000ffff0000ff00000000000000f0
:1059bc0000000000000000000000000000000000db
:1059cc00ffff0000ffff0000ffff0000ff000000d2
:1059dc00000000000000000000000000ffff0000bd
:1059ec00ffff0000ffff0000ff00000000000000b0
:1059fc0000ff0000ffff0000ffff0000ffff0000a2
:105a0c00000000000000000000000000000000008a
:105a1c0000000000000000000000000000ff00007b
:105a2c00ffff0000ffff0000ffff0000ffff000072
:105a3c00ffff0000ffff0000ffff00000000000060
:105a4c00000000000000000000000000000000004a
:105a5c00000000000000000000000000000000003a
:105a6c0000000000000000000000000000ff00002b
:105a7c00ffff0000ffff0000ffff0000ff00000021
:105a8c00000000000000000000000000000000000a
:105a9c00000000000000000000000000ffff0000fc
:105aac00ffff0000ffff0000ff00000000000000ef
:105abc0000000000000000000000000000000000da
:105acc00ffff0000ffff0000ffff0000ff000000d1
:105adc00000000000000000000000000ffff0000bc
:105aec00ffff0000ffff0000ff00000000000000af
:105afc0000ff0000ffff0000ffff0000ffff0000a1
:105b0c000000000000000000000000000000000089
:105b1c0000000000000000000000000000ff00007a
:105b2c00ffff0000ffff0000ffff0000ffff000071
:105b3c00ffff0000ffff0000ffff0000000000005f
:105b4c000000000000000000000000000000000049
:105b5c000000000000000000000000000000000039
:105b6c0000000000000000000000000000ff00002a
:105b7c00ffff0000ffff0000ffff0000ff00000020
:105b8c000000000000000000000000000000000009
:105b9c00000000000000000000000000ffff0000fb
:105bac00ffff0000ffff0000ff00000000000000ee
:105bbc0000000000000000000000000000000000d9
:105bcc00ffff0000ffff0000ffff0000ff000000d0
:105bdc00000000000000000000000000ffff0000bb
:105bec00ffff0000ffff0000ff00000000000000ae
:105bfc0000ff0000ffff0000ffff0000ffff0000a0
:105c0c000000000000000000000000000000000088
:105c1c0000000000000000000000000000ff000079
:105c2c00ffff0000ffff0000ffff0000ffff000070
:105c3c00ffff0000ffff0000ffff0000000000005e
:105c4c000000000000000000000000000000000048
:105c5c000000000000000000000000000000000038
:105c6c0000000000000000000000000000ff000029
:105c7c00ffff0000ffff0000ffff0000ff0000001f
:105c8c000000000000000000000000000000000008
:105c9c00000000000000000000000000ffff0000fa
:105cac00ffff0000ffff0000ff00000000000000ed
:105cbc0000000000000000000000000000000000d8
:105ccc00ffff0000ffff0000ffff0000ff000000cf
:105cdc00000000000000000000000000ffff0000ba
:105cec00ffff0000ffff0000ff00000000000000ad
:105cfc0000ff0000ffff0000ffff0000ffff00009f
:105d0c000000000000000000000000000000000087
:105d1c0000000000000000000000000000ff000078
:105d2c00ffff0000ffff0000ffff0000ffff00006f
:105d3c00ffff0000ffff0000ffff0000000000005d
:105d4c000000000000000000000000000000000047
:105d5c000000000000000000000000000000000037
:105d6c0000000000000000000000000000ff000028
:105d7c00ffff0000ffff0000ffff0000ff0000001e
:105d8c000000000000000000000000000000000007
:105d9c00000000000000000000000000ffff0000f9
:105dac00ffff0000ffff0000ff00000000000000ec
:105dbc0000000000000000000000000000000000d7
:105dcc00ffff0000ffff0000ffff0000ff000000ce
:105ddc00000000000000000000000000ffff0000b9
:105dec00ffff0000ffff0000ff00000000000000ac
:105dfc0000ff0000ffff0000ffff0000ffff00009e
:105e0c000000000000000000000000000000000086
:105e1c0000000000000000000000000000ff000077
:105e2c00ffff0000ffff0000ffff0000ffff00006e
:105e3c00ffff0000ffff0000ffff0000000000005c
:105e4c000000000000000000000000000000000046
:105e5c000000000000000000000000000000000036
:105e6c0000000000000000000000000000ff000027
:105e7c00ffff0000ffff0000ffff0000ff0000001d
:105e8c000000000000000000000000000000000006
:105e9c00000000000000000000000000ffff0000f8
:105eac00ffff0000ffff0000ff00000000000000eb
:105ebc0000000000000000000000000000000000d6
:105ecc00ffff0000ffff0000ffff0000ff000000cd
:105edc00000000000000000000000000ffff0000b8
:105eec00ffff0000ffff0000ff00000000000000ab
:105efc0000ff0000ffff0000ffff0000ffff00009d
:105f0c000000000000000000000000000000000085
:105f1c0000000000000000000000000000ff000076
:105f2c00ffff0000ffff0000ffff0000ffff00006d
:105f3c00ffff0000ffff0000ffff0000000000005b
:105f4c000000000000000000000000000000000045
:105f5c000000000000000000000000000000000035
:105f6c0000000000000000000000000000ff000026
:105f7c00ffff0000ffff0000ffff0000ff0000001c
:105f8c000000000000000000000000000000000005
:105f9c00000000000000000000000000ffff0000f7
:105fac00ffff0000ffff0000ff00000000000000ea
:105fbc0000000000000000000000000000000000d5
:105fcc00ffff0000ffff0000ffff0000ff000000cc
:105fdc00000000000000000000000000ffff0000b7
:105fec00ffff0000ffff0000ff00000000000000aa
:105ffc0000ff0000ffff0000ffff0000ffff00009c
:10600c000000000000000000000000000000000084
:10601c0000000000000000000000000000ff000075
:10602c00ffff0000ffff0000ffff0000ffff00006c
:10603c00ffff0000ffff0000ffff0000000000005a
:10604c000000000000000000000000000000000044
:10605c000000000000000000000000000000000034
:10606c0000000000000000000000000000ff000025
:10607c00ffff0000ffff0000ffff0000ff0000001b
:10608c000000000000000000000000000000000004
:10609c00000000000000000000000000ffff0000f6
:1060ac00ffff0000ffff0000ff00000000000000e9
:1060bc0000000000000000000000000000000000d4
:1060cc00ffff0000ffff0000ffff0000ff000000cb
:1060dc00000000000000000000000000ffff0000b6
:1060ec00ffff0000ffff0000ff00000000000000a9
:1060fc0000ff0000ffff0000ffff0000ffff00009b
:10610c000000000000000000000000000000000083
:10611c0000000000000000000000000000ff000074
:10612c00ffff0000ffff0000ffff0000ffff00006b
:10613c00ffff0000ffff0000ffff00000000000059
:10614c000000000000000000000000000000000043
:10615c00000000000000000000ff0000ffff000036
:10616c00ffff0000ffff00000000000000ff000028
:10617c00ffff0000ffff0000ffff0000ffff00001b
:10618c00ffff0000ffff0000ffff0000ffff00000b
:10619c00ffff0000ffff0000ffff0000ffff0000fb
:1061ac00ffff0000ffff0000ffff0000ff000000ea
:1061bc0000000000000000000000000000000000d3
:1061cc00ffff0000ffff0000ffff0000ff000000ca
:1061dc00000000000000000000000000ffff0000b5
:1061ec00ffff0000ffff0000ff00000000000000a8
:1061fc0000ff0000ffff0000ffff0000ffff00009a
:10620c000000000000000000000000000000000082
:10621c0000000000000000000000000000ff000073
:10622c00ffff0000ffff0000ffff0000ffff00006a
:10623c00ffff0000ffff0000ffff00000000000058
:10624c000000000000000000000000000000000042
:10625c00000000000000000000ff0000ffff000035
:10626c00ffff0000ffff00000000000000ff000027
:10627c00ffff0000ffff0000ffff0000ffff00001a
:10628c00ffff0000ffff0000ffff0000ffff00000a
:10629c00ffff0000ffff0000ffff0000ffff0000fa
:1062ac00ffff0000ffff0000ffff0000ff000000e9
:1062bc0000000000000000000000000000000000d2
:1062cc00ffff0000ffff0000ffff0000ff000000c9
:1062dc00000000000000000000000000ffff0000b4
:1062ec00ffff0000ffff0000ff00000000000000a7
:1062fc0000ff0000ffff0000ffff0000ffff000099
:10630c000000000000000000000000000000000081
:10631c0000000000000000000000000000ff000072
:10632c00ffff0000ffff0000ffff0000ffff000069
:10633c00ffff0000ffff0000ffff00000000000057
:10634c000000000000000000000000000000000041
:10635c00000000000000000000ff0000ffff000034
:10636c00ffff0000ffff00000000000000ff000026
:10637c00ffff0000ffff0000ffff0000ffff000019
:10638c00ffff0000ffff0000ffff0000ffff000009
:10639c00ffff0000ffff0000ffff0000ffff0000f9
:1063ac00ffff0000ffff0000ffff0000ffff0000e9
:1063bc00ff000000000000000000000000000000d2
:1063cc00ffff0000ffff0000ffff0000ff000000c8
:1063dc00000000000000000000000000ffff0000b3
:1063ec00ffff0000ffff0000ff00000000000000a6
:1063fc0000ff0000ffff0000ffff0000ffff000098
:10640c000000000000000000000000000000000080
:10641c0000000000000000000000000000ff000071
:10642c00ffff0000ffff0000ffff0000ffff000068
:10643c00ffff0000ffff0000ffff00000000000056
:10644c000000000000000000000000000000000040
:10645c00000000000000000000ff0000ffff000033
:10646c00ffff0000ffff00000000000000ff000025
:10647c00ffff0000ffff0000ffff0000ffff000018
:10648c00ffff0000ffff0000ffff0000ffff000008
:10649c00ffff0000ffff0000ffff0000ffff0000f8
:1064ac00ffff0000ffff0000ffff0000ffff0000e8
:1064bc00ff000000000000000000000000000000d1
:1064cc00ffff0000ffff0000ffff0000ff000000c7
:1064dc00000000000000000000000000ffff0000b2
:1064ec00ffff0000ffff0000ff00000000000000a5
:1064fc0000ff0000ffff0000ffff0000ffff000097
:10650c00000000000000000000000000000000007f
:10651c0000000000000000000000000000ff000070
:10652c00ffff0000ffff0000ffff0000ffff000067
:10653c00ffff0000ffff0000ffff00000000000055
:10654c00000000000000000000000000000000003f
:10655c00000000000000000000ff0000ffff000032
:10656c00ffff0000ffff00000000000000ff000024
:10657c00ffff0000ffff0000ffff0000ffff000017
:10658c00ffff0000ffff0000ffff0000ffff000007
:10659c00ffff0000ffff0000ffff0000ffff0000f7
:1065ac00ffff0000ffff0000ffff0000ffff0000e7
:1065bc00ff000000000000000000000000000000d0
:1065cc00ffff0000ffff0000ffff0000ff000000c6
:1065dc00000000000000000000000000ffff0000b1
:1065ec00ffff0000ffff0000ff00000000000000a4
:1065fc0000ff0000ffff0000ffff0000ffff000096
:10660c00000000000000000000000000000000007e
:10661c0000000000000000000000000000ff00006f
:10662c00ffff0000ffff0000ffff0000ffff000066
:10663c00ffff0000ffff0000ffff00000000000054
:10664c00000000000000000000000000000000003e
:10665c00000000000000000000ff0000ffff000031
:10666c00ffff0000ffff00000000000000ff000023
:10667c00ffff0000ffff0000ffff0000ffff000016
:10668c00ffff0000ffff0000ffff0000ffff000006
:10669c00ffff0000ffff0000ffff0000ffff0000f6
:1066ac00ffff0000ffff0000ffff0000ffff0000e6
:1066bc00ff000000000000000000000000000000cf
:1066cc00ffff0000ffff0000ffff0000ff000000c5
:1066dc00000000000000000000000000ffff0000b0
:1066ec00ffff0000ffff0000ff00000000000000a3
:1066fc0000ff0000ffff0000ffff0000ffff000095
:10670c00000000000000000000000000000000007d
:10671c0000000000000000000000000000ff00006e
:10672c00ffff0000ffff0000ffff0000ffff000065
:10673c00ffff0000ffff0000ffff00000000000053
:10674c00000000000000000000000000000000003d
:10675c00000000000000000000ff0000ffff000030
:10676c00ffff0000ffff00000000000000ff000022
:10677c00ffff0000ffff0000ffff0000ff00000014
:10678c0000000000000000000000000000000000fd
:10679c0000000000000000000000000000000000ed
:1067ac00ffff0000ffff0000ffff0000ffff0000e5
:1067bc00ff000000000000000000000000000000ce
:1067cc00ffff0000ffff0000ffff0000ff000000c4
:1067dc00000000000000000000000000ffff0000af
:1067ec00ffff0000ffff0000ff00000000000000a2
:1067fc0000ff0000ffff0000ffff0000ffff000094
:10680c00000000000000000000000000000000007c
:10681c0000000000000000000000000000ff00006d
:10682c00ffff0000ffff0000ffff0000ffff000064
:10683c00ffff0000ffff0000ffff00000000000052
:10684c00000000000000000000000000000000003c
:10685c00000000000000000000ff0000ffff00002f
:10686c00ffff0000ffff00000000000000ff000021
:10687c00ffff0000ffff0000ffff0000ff00000013
:10688c0000000000000000000000000000000000fc
:10689c0000000000000000000000000000000000ec
:1068ac00ffff0000ffff0000ffff0000ffff0000e4
:1068bc00ff000000000000000000000000000000cd
:1068cc00ffff0000ffff0000ffff0000ff000000c3
:1068dc00000000000000000000000000ffff0000ae
:1068ec00ffff0000ffff0000ff00000000000000a1
:1068fc0000ff0000ffff0000ffff0000ffff000093
:10690c00000000000000000000000000000000007b
:10691c0000000000000000000000000000ff00006c
:10692c00ffff0000ffff0000ffff0000ffff000063
:10693c00ffff0000ffff0000ffff00000000000051
:10694c00000000000000000000000000000000003b
:10695c00000000000000000000ff0000ffff00002e
:10696c00ffff0000ffff00000000000000ff000020
:10697c00ffff0000ffff0000ffff0000ff00000012
:10698c0000000000000000000000000000000000fb
:10699c0000000000000000000000000000000000eb
:1069ac0000ff0000ffff0000ffff0000ffff0000e2
:1069bc00ff000000000000000000000000000000cc
:1069cc00ffff0000ffff0000ffff0000ff000000c2
:1069dc00000000000000000000000000ffff0000ad
:1069ec00ffff0000ffff0000ff00000000000000a0
:1069fc0000ff0000ffff0000ffff0000ffff000092
:106a0c00000000000000000000000000000000007a
:106a1c0000000000000000000000000000ff00006b
:106a2c00ffff0000ffff0000ffff0000ffff000062
:106a3c00ffff0000ffff0000ffff00000000000050
:106a4c00000000000000000000000000000000003a
:106a5c00000000000000000000ff0000ffff00002d
:106a6c00ffff0000ffff00000000000000ff00001f
:106a7c00ffff0000ffff0000ffff0000ff00000011
:106a8c0000000000000000000000000000000000fa
:106a9c0000000000000000000000000000000000ea
:106aac0000ff0000ffff0000ffff0000ffff0000e1
:106abc00ff000000000000000000000000000000cb
:106acc00ffff0000ffff0000ffff0000ff000000c1
:106adc00000000000000000000000000ffff0000ac
:106aec00ffff0000ffff0000ff000000000000009f
:106afc0000ff0000ffff0000ffff0000ffff000091
:106b0c000000000000000000000000000000000079
:106b1c0000000000000000000000000000ff00006a
:106b2c00ffff0000ffff0000ffff0000ffff000061
:106b3c00ffff0000ffff0000ffff0000000000004f
:106b4c000000000000000000000000000000000039
:106b5c00000000000000000000ff0000ffff00002c
:106b6c00ffff0000ffff00000000000000ff00001e
:106b7c00ffff0000ffff0000ffff0000ff00000010
:106b8c0000000000000000000000000000000000f9
:106b9c0000000000000000000000000000000000e9
:106bac0000ff0000ffff0000ffff0000ffff0000e0
:106bbc00ff000000000000000000000000000000ca
:106bcc00ffff0000ffff0000ffff0000ff000000c0
:106bdc00000000000000000000000000ffff0000ab
:106bec00ffff0000ffff0000ff000000000000009e
:106bfc0000ff0000ffff0000ffff0000ffff000090
:106c0c000000000000000000000000000000000078
:106c1c0000000000000000000000000000ff000069
:106c2c00ffff0000ffff0000ffff0000ffff000060
:106c3c00ffff0000ffff0000ffff0000000000004e
:106c4c000000000000000000000000000000000038
:106c5c00000000000000000000ff0000ffff00002b
:106c6c00ffff0000ffff00000000000000ff00001d
:106c7c00ffff0000ffff0000ffff0000ff0000000f
:106c8c0000000000000000000000000000000000f8
:106c9c0000000000000000000000000000000000e8
:106cac0000ff0000ffff0000ffff0000ffff0000df
:106cbc00ff000000000000000000000000000000c9
:106ccc00ffff0000ffff0000ffff0000ff000000bf
:106cdc00000000000000000000000000ffff0000aa
:106cec00ffff0000ffff0000ff000000000000009d
:106cfc0000ff0000ffff0000ffff0000ffff00008f
:106d0c000000000000000000000000000000000077
:106d1c0000000000000000000000000000ff000068
:106d2c00ffff0000ffff0000ffff0000ffff00005f
:106d3c00ffff0000ffff0000ffff0000000000004d
:106d4c000000000000000000000000000000000037
:106d5c00000000000000000000ff0000ffff00002a
:106d6c00ffff0000ffff00000000000000ff00001c
:106d7c00ffff0000ffff0000ffff0000ff0000000e
:106d8c0000000000000000000000000000000000f7
:106d9c0000000000000000000000000000000000e7
:106dac0000ff0000ffff0000ffff0000ffff0000de
:106dbc00ff000000000000000000000000000000c8
:106dcc00ffff0000ffff0000ffff0000ff000000be
:106ddc00000000000000000000000000ffff0000a9
:106dec00ffff0000ffff0000ff000000000000009c
:106dfc0000ff0000ffff0000ffff0000ffff00008e
:106e0c000000000000000000000000000000000076
:106e1c0000000000000000000000000000ff000067
:106e2c00ffff0000ffff0000ffff0000ffff00005e
:106e3c00ffff0000ffff0000ffff0000000000004c
:106e4c000000000000000000000000000000000036
:106e5c00000000000000000000ff0000ffff000029
:106e6c00ffff0000ffff00000000000000ff00001b
:106e7c00ffff0000ffff0000ffff0000ff0000000d
:106e8c0000000000000000000000000000000000f6
:106e9c0000000000000000000000000000000000e6
:106eac0000ff0000ffff0000ffff0000ffff0000dd
:106ebc00ff000000000000000000000000000000c7
:106ecc00ffff0000ffff0000ffff0000ff000000bd
:106edc00000000000000000000000000ffff0000a8
:106eec00ffff0000ffff0000ff000000000000009b
:106efc0000ff0000ffff0000ffff0000ffff00008d
:106f0c000000000000000000000000000000000075
:106f1c0000000000000000000000000000ff000066
:106f2c00ffff0000ffff0000ffff0000ffff00005d
:106f3c00ffff0000ffff0000ffff0000000000004b
:106f4c000000000000000000000000000000000035
:106f5c00000000000000000000ff0000ffff000028
:106f6c00ffff0000ffff00000000000000ff00001a
:106f7c00ffff0000ffff0000ffff0000ff0000000c
:106f8c0000000000000000000000000000000000f5
:106f9c0000000000000000000000000000000000e5
:106fac0000ff0000ffff0000ffff0000ffff0000dc
:106fbc00ff000000000000000000000000000000c6
:106fcc00ffff0000ffff0000ffff0000ff000000bc
:106fdc00000000000000000000000000ffff0000a7
:106fec00ffff0000ffff0000ff000000000000009a
:106ffc0000ff0000ffff0000ffff0000ffff00008c
:10700c000000000000000000000000000000000074
:10701c0000000000000000000000000000ff000065
:10702c00ffff0000ffff0000ffff0000ffff00005c
:10703c00ffff0000ffff0000ffff0000000000004a
:10704c000000000000000000000000000000000034
:10705c00000000000000000000ff0000ffff000027
:10706c00ffff0000ffff00000000000000ff000019
:10707c00ffff0000ffff0000ffff0000ff0000000b
:10708c0000000000000000000000000000000000f4
:10709c0000000000000000000000000000000000e4
:1070ac0000ff0000ffff0000ffff0000ffff0000db
:1070bc00ff000000000000000000000000000000c5
:1070cc00ffff0000ffff0000ffff0000ff000000bb
:1070dc00000000000000000000000000ffff0000a6
:1070ec00ffff0000ffff0000ff0000000000000099
:1070fc0000ff0000ffff0000ffff0000ffff00008b
:10710c000000000000000000000000000000000073
:10711c0000000000000000000000000000ff000064
:10712c00ffff0000ffff0000ffff0000ffff00005b
:10713c00ffff0000ffff0000ffff0000ff0000004a
:10714c000000000000000000000000000000000033
:10715c00000000000000000000ff0000ffff000026
:10716c00ffff0000ffff00000000000000ff000018
:10717c00ffff0000ffff0000ffff0000ff0000000a
:10718c0000000000000000000000000000000000f3
:10719c0000000000000000000000000000000000e3
:1071ac0000ff0000ffff0000ffff0000ffff0000da
:1071bc00ff000000000000000000000000000000c4
:1071cc00ffff0000ffff0000ffff0000ff000000ba
:1071dc00000000000000000000000000ffff0000a5
:1071ec00ffff0000ffff0000ff0000000000000098
:1071fc0000ff0000ffff0000ffff0000ffff00008a
:10720c000000000000000000000000000000000072
:10721c00000000000000000000000000ffff000064
:10722c00ffff0000ffff0000ffff0000ffff00005a
:10723c00ffff0000ffff0000ffff0000ff00000049
:10724c000000000000000000000000000000000032
:10725c00000000000000000000ff0000ffff000025
:10726c00ffff0000ffff00000000000000ff000017
:10727c00ffff0000ffff0000ffff0000ff00000009
:10728c0000000000000000000000000000000000f2
:10729c0000000000000000000000000000000000e2
:1072ac0000ff0000ffff0000ffff0000ffff0000d9
:1072bc00ff000000000000000000000000000000c3
:1072cc00ffff0000ffff0000ffff0000ff000000b9
:1072dc00000000000000000000000000ffff0000a4
:1072ec00ffff0000ffff0000ff0000000000000097
:1072fc0000ff0000ffff0000ffff0000ffff000089
:10730c000000000000000000000000000000000071
:10731c00000000000000000000000000ffff000063
:10732c00ffff0000ffff0000ffff0000ffff000059
:10733c00ffff0000ffff0000ffff0000ffff000049
:10734c000000000000000000000000000000000031
:10735c00000000000000000000ff0000ffff000024
:10736c00ffff0000ffff00000000000000ff000016
:10737c00ffff0000ffff0000ffff0000ff00000008
:10738c0000000000000000000000000000000000f1
:10739c0000000000000000000000000000000000e1
:1073ac0000ff0000ffff0000ffff0000ffff0000d8
:1073bc00ff000000000000000000000000000000c2
:1073cc00ffff0000ffff0000ffff0000ff000000b8
:1073dc00000000000000000000000000ffff0000a3
:1073ec00ffff0000ffff0000ff0000000000000096
:1073fc0000ff0000ffff0000ffff0000ffff000088
:10740c00ff00000000000000000000000000000071
:10741c00000000000000000000ff0000ffff000063
:10742c00ffff0000ffff0000ffff0000ffff000058
:10743c00ffff0000ffff0000ffff0000ffff000048
:10744c000000000000000000000000000000000030
:10745c00000000000000000000ff0000ffff000023
:10746c00ffff0000ffff00000000000000ff000015
:10747c00ffff0000ffff0000ffff0000ff00000007
:10748c0000000000000000000000000000000000f0
:10749c0000000000000000000000000000000000e0
:1074ac0000ff0000ffff0000ffff0000ffff0000d7
:1074bc00ff000000000000000000000000000000c1
:1074cc00ffff0000ffff0000ffff0000ff000000b7
:1074dc00000000000000000000000000ffff0000a2
:1074ec00ffff0000ffff0000ff0000000000000095
:1074fc0000ff0000ffff0000ffff0000ffff000087
:10750c00ff00000000000000000000000000000070
:10751c00000000000000000000ff0000ffff000062
:10752c00ffff0000ffff0000ffff000000ff000056
:10753c00ffff0000ffff0000ffff0000ffff000047
:10754c00ff00000000000000000000000000000030
:10755c00000000000000000000ff0000ffff000022
:10756c00ffff0000ffff00000000000000ff000014
:10757c00ffff0000ffff0000ffff0000ff00000006
:10758c0000000000000000000000000000000000ef
:10759c0000000000000000000000000000000000df
:1075ac00ffff0000ffff0000ffff0000ffff0000d7
:1075bc00ff000000000000000000000000000000c0
:1075cc00ffff0000ffff0000ffff0000ff000000b6
:1075dc00000000000000000000000000ffff0000a1
:1075ec00ffff0000ffff0000ff0000000000000094
:1075fc0000ff0000ffff0000ffff0000ffff000086
:10760c00ffff000000000000000000000000000070
:10761c000000000000000000ffff0000ffff000062
:10762c00ffff0000ffff0000ffff000000ff000055
:10763c00ffff0000ffff0000ffff0000ffff000046
:10764c00ff0000000000000000000000000000002f
:10765c00000000000000000000ff0000ffff000021
:10766c00ffff0000ffff00000000000000ff000013
:10767c00ffff0000ffff0000ffff0000ff00000005
:10768c0000000000000000000000000000000000ee
:10769c0000000000000000000000000000000000de
:1076ac00ffff0000ffff0000ffff0000ffff0000d6
:1076bc00ff000000000000000000000000000000bf
:1076cc00ffff0000ffff0000ffff0000ff000000b5
:1076dc00000000000000000000000000ffff0000a0
:1076ec00ffff0000ffff0000ff0000000000000093
:1076fc0000ff0000ffff0000ffff0000ffff000085
:10770c00ffff00000000000000000000000000006f
:10771c000000000000000000ffff0000ffff000061
:10772c00ffff0000ffff0000ffff00000000000053
:10773c00ffff0000ffff0000ffff0000ffff000045
:10774c00ffff0000ffff0000ffff0000ffff000035
:10775c00ffff0000ffff0000ffff0000ffff000025
:10776c00ffff0000ffff0000ffff0000ffff000015
:10777c00ffff0000ffff0000ffff0000ffff000005
:10778c00ffff0000ffff0000ffff0000ffff0000f5
:10779c00ffff0000ffff0000ffff0000ffff0000e5
:1077ac00ffff0000ffff0000ffff0000ffff0000d5
:1077bc00ffff0000ffff0000ffff0000ffff0000c5
:1077cc00ffff0000ffff0000ffff0000ffff0000b5
:1077dc00ffff0000ffff0000ffff0000ffff0000a5
:1077ec00ffff0000ffff0000ffff0000ffff000095
:1077fc00ffff0000ffff0000ffff0000ffff000085
:10780c00ffff0000ffff0000ffff0000ffff000074
:10781c00ffff0000ffff0000ffff0000ffff000064
:10782c00ffff0000ffff0000ffff00000000000052
:10783c00ffff0000ffff0000ffff0000ffff000044
:10784c00ffff0000ffff0000ffff0000ffff000034
:10785c00ffff0000ffff0000ffff0000ffff000024
:10786c00ffff0000ffff0000ffff0000ffff000014
:10787c00ffff0000ffff0000ffff0000ffff000004
:10788c00ffff0000ffff0000ffff0000ffff0000f4
:10789c00ffff0000ffff0000ffff0000ffff0000e4
:1078ac00ffff0000ffff0000ffff0000ffff0000d4
:1078bc00ffff0000ffff0000ffff0000ffff0000c4
:1078cc00ffff0000ffff0000ffff0000ffff0000b4
:1078dc00ffff0000ffff0000ffff0000ffff0000a4
:1078ec00ffff0000ffff0000ffff0000ffff000094
:1078fc00ffff0000ffff0000ffff0000ffff000084
:10790c00ffff0000ffff0000ffff0000ffff000073
:10791c00ffff0000ffff0000ffff0000ffff000063
:10792c00ffff0000ffff0000ffff00000000000051
:10793c0000ff0000ffff0000ffff0000ffff000042
:10794c00ffff0000ffff0000ffff0000ffff000033
:10795c00ffff0000ffff0000ffff0000ffff000023
:10796c00ffff0000ffff0000ffff0000ffff000013
:10797c00ffff0000ffff0000ffff0000ffff000003
:10798c00ffff0000ffff0000ffff0000ffff0000f3
:10799c00ffff0000ffff0000ffff0000ffff0000e3
:1079ac00ffff0000ffff0000ffff0000ffff0000d3
:1079bc00ffff0000ffff0000ffff0000ffff0000c3
:1079cc00ffff0000ffff0000ffff0000ffff0000b3
:1079dc00ffff0000ffff0000ffff0000ffff0000a3
:1079ec00ffff0000ffff0000ffff0000ffff000093
:1079fc00ffff0000ffff0000ffff0000ffff000083
:107a0c00ffff0000ffff0000ffff0000ffff000072
:107a1c00ffff0000ffff0000ffff0000ffff000062
:107a2c00ffff0000ffff0000ff000000000000004f
:107a3c0000ff0000ffff0000ffff0000ffff000041
:107a4c00ffff0000ffff0000ffff0000ffff000032
:107a5c00ffff0000ffff0000ffff0000ffff000022
:107a6c00ffff0000ffff0000ffff0000ffff000012
:107a7c00ffff0000ffff0000ffff0000ffff000002
:107a8c00ffff0000ffff0000ffff0000ffff0000f2
:107a9c00ffff0000ffff0000ffff0000ffff0000e2
:107aac00ffff0000ffff0000ffff0000ffff0000d2
:107abc00ffff0000ffff0000ffff0000ffff0000c2
:107acc00ffff0000ffff0000ffff0000ffff0000b2
:107adc00ffff0000ffff0000ffff0000ffff0000a2
:107aec00ffff0000ffff0000ffff0000ffff000092
:107afc00ffff0000ffff0000ffff0000ffff000082
:107b0c00ffff0000ffff0000ffff0000ffff000071
:107b1c00ffff0000ffff0000ffff0000ffff000061
:107b2c00ffff0000ffff0000ff000000000000004e
:107b3c0000000000ffff0000ffff0000ffff00003f
:107b4c00ffff0000ffff0000ffff0000ffff000031
:107b5c00ffff0000ffff0000ffff0000ffff000021
:107b6c00ffff0000ffff0000ffff0000ffff000011
:107b7c00ffff0000ffff0000ffff0000ffff000001
:107b8c00ffff0000ffff0000ffff0000ffff0000f1
:107b9c00ffff0000ffff0000ffff0000ffff0000e1
:107bac00ffff0000ffff0000ffff0000ffff0000d1
:107bbc00ffff0000ffff0000ffff0000ffff0000c1
:107bcc00ffff0000ffff0000ffff0000ffff0000b1
:107bdc00ffff0000ffff0000ffff0000ffff0000a1
:107bec00ffff0000ffff0000ffff0000ffff000091
:107bfc00ffff0000ffff0000ffff0000ffff000081
:107c0c00ffff0000ffff0000ffff0000ffff000070
:107c1c00ffff0000ffff0000ffff0000ffff000060
:107c2c00ffff0000ffff000000000000000000004c
:107c3c0000000000ffff0000ffff0000ffff00003e
:107c4c00ffff0000ffff0000ffff0000ffff000030
:107c5c00ffff0000ffff0000ffff0000ffff000020
:107c6c00ffff0000ffff0000ffff0000ffff000010
:107c7c00ffff0000ffff0000ffff0000ffff000000
:107c8c00ffff0000ffff0000ffff0000ffff0000f0
:107c9c00ffff0000ffff0000ffff0000ffff0000e0
:107cac00ffff0000ffff0000ffff0000ffff0000d0
:107cbc00ffff0000ffff0000ffff0000ffff0000c0
:107ccc00ffff0000ffff0000ffff0000ffff0000b0
:107cdc00ffff0000ffff0000ffff0000ffff0000a0
:107cec00ffff0000ffff0000ffff0000ffff000090
:107cfc00ffff0000ffff0000ffff0000ffff000080
:107d0c00ffff0000ffff0000ffff0000ffff00006f
:107d1c00ffff0000ffff0000ffff0000ffff00005f
:107d2c00ffff0000ffff000000000000000000004b
:107d3c000000000000ff0000ffff0000ffff00003c
:107d4c00ffff0000ffff0000ffff0000ffff00002f
:107d5c00ffff0000ffff0000ffff0000ffff00001f
:107d6c00ffff0000ffff0000ffff0000ffff00000f
:107d7c00ffff0000ffff0000ffff0000ffff0000ff
:107d8c00ffff0000ffff0000ffff0000ffff0000ef
:107d9c00ffff0000ffff0000ffff0000ffff0000df
:107dac00ffff0000ffff0000ffff0000ffff0000cf
:107dbc00ffff0000ffff0000ffff0000ffff0000bf
:107dcc00ffff0000ffff0000ffff0000ffff0000af
:107ddc00ffff0000ffff0000ffff0000ffff00009f
:107dec00ffff0000ffff0000ffff0000ffff00008f
:107dfc00ffff0000ffff0000ffff0000ffff00007f
:107e0c00ffff0000ffff0000ffff0000ffff00006e
:107e1c00ffff0000ffff0000ffff0000ffff00005e
:107e2c00ffff0000ff000000000000000000000049
:107e3c000000000000ff0000ffff0000ffff00003b
:107e4c00ffff0000ffff0000ffff0000ffff00002e
:107e5c00ffff0000ffff0000ffff0000ffff00001e
:107e6c00ffff0000ffff0000ffff0000ffff00000e
:107e7c00ffff0000ffff0000ffff0000ffff0000fe
:107e8c00ffff0000ffff0000ffff0000ffff0000ee
:107e9c00ffff0000ffff0000ffff0000ffff0000de
:107eac00ffff0000ffff0000ffff0000ffff0000ce
:107ebc00ffff0000ffff0000ffff0000ffff0000be
:107ecc00ffff0000ffff0000ffff0000ffff0000ae
:107edc00ffff0000ffff0000ffff0000ffff00009e
:107eec00ffff0000ffff0000ffff0000ffff00008e
:107efc00ffff0000ffff0000ffff0000ffff00007e
:107f0c00ffff0000ffff0000ffff0000ffff00006d
:107f1c00ffff0000ffff0000ffff0000ffff00005d
:107f2c00ffff0000ff000000000000000000000048
:107f3c000000000000000000ffff0000ffff000039
:107f4c00ffff0000ffff0000ffff0000ffff00002d
:107f5c00ffff0000ffff0000ffff0000ffff00001d
:107f6c00ffff0000ffff0000ffff0000ffff00000d
:107f7c00ffff0000ffff0000ffff0000ffff0000fd
:107f8c00ffff0000ffff0000ffff0000ffff0000ed
:107f9c00ffff0000ffff0000ffff0000ffff0000dd
:107fac00ffff0000ffff0000ffff0000ffff0000cd
:107fbc00ffff0000ffff0000ffff0000ffff0000bd
:107fcc00ffff0000ffff0000ffff0000ffff0000ad
:107fdc00ffff0000ffff0000ffff0000ffff00009d
:107fec00ffff0000ffff0000ffff0000ffff00008d
:107ffc00ffff0000ffff0000ffff0000ffff00007d
:10800c00ffff0000ffff0000ffff0000ffff00006c
:10801c00ffff0000ffff0000ffff0000ffff00005c
:10802c00ffff000000000000000000000000000046
:10803c000000000000000000ffff0000ffff000038
:10804c00ffff0000ffff0000ffff0000ffff00002c
:10805c00ffff0000ffff0000ffff0000ffff00001c
:10806c00ffff0000ffff0000ffff0000ffff00000c
:10807c00ffff0000ffff0000ffff0000ffff0000fc
:10808c00ffff0000ffff0000ffff0000ffff0000ec
:10809c00ffff0000ffff0000ffff0000ffff0000dc
:1080ac00ffff0000ffff0000ffff0000ffff0000cc
:1080bc00ffff0000ffff0000ffff0000ffff0000bc
:1080cc00ffff0000ffff0000ffff0000ffff0000ac
:1080dc00ffff0000ffff0000ffff0000ffff00009c
:1080ec00ffff0000ffff0000ffff0000ffff00008c
:1080fc00ffff0000ffff0000ffff0000ffff00007c
:10810c00ffff0000ffff0000ffff0000ffff00006b
:10811c00ffff0000ffff0000ffff0000ffff00005b
:10812c00ffff000000000000000000000000000045
:10813c000000000000000000000000000000000033
:10814c000000000000000000000000000000000023
:10815c000000000000000000000000000000000013
:10816c000000000000000000000000000000000003
:10817c0000000000000000000000000000000000f3
:10818c0000000000000000000000000000000000e3
:10819c0000000000000000000000000000000000d3
:1081ac0000000000000000000000000000000000c3
:1081bc0000000000000000000000000000000000b3
:1081cc0000000000000000000000000000000000a3
:1081dc000000000000000000000000000000000093
:1081ec000000000000000000000000000000000083
:1081fc000000000000000000000000000000000073
:10820c000000000000000000000000000000000062
:10821c000000000000000000000000000000000052
:10822c000000000000000000000000000000000042
:10823c000000000000000000000000000000000032
:10824c000000000000000000000000000000000022
:10825c000000000000000000000000000000000012
:10826c000000000000000000000000000000000002
:10827c0000000000000000000000000000000000f2
:10828c0000000000000000000000000000000000e2
:10829c0000000000000000000000000000000000d2
:1082ac0000000000000000000000000000000000c2
:1082bc0000000000000000000000000000000000b2
:1082cc0000000000000000000000000000000000a2
:1082dc000000000000000000000000000000000092
:1082ec000000000000000000000000000000000082
:1082fc000000000000000000000000000000000072
:10830c000000000000000000000000000000000061
:10831c000000000000000000000000000000000051
:10832c000000000000000000000000000000000041
:10833c000000000000000000000000000000000031
:10834c000000000000000000000000000000000021
:10835c000000000000000000000000000000000011
:10836c000000000000000000000000000000000001
:10837c0000000000000000000000000000000000f1
:10838c0000000000000000000000000000000000e1
:10839c0000000000000000000000000000000000d1
:1083ac0000000000000000000000000000000000c1
:1083bc0000000000000000000000000000000000b1
:1083cc0000000000000000000000000000000000a1
:1083dc000000000000000000000000000000000091
:1083ec000000000000000000000000000000000081
:1083fc000000000000000000000000000000000071
:10840c000000000000000000000000000000000060
:10841c000000000000000000000000000000000050
:10842c000000000000000000000000000000000040
:10843c000000000000000000000000000000000030
:10844c000000000000000000000000000000000020
:10845c000000000000000000000000000000000010
:10846c000000000000000000000000000000000000
:10847c0000000000000000000000000000000000f0
:10848c0000000000000000000000000000000000e0
:10849c0000000000000000000000000000000000d0
:1084ac0000000000000000000000000000000000c0
:1084bc0000000000000000000000000000000000b0
:1084cc0000000000000000000000000000000000a0
:1084dc000000000000000000000000000000000090
:1084ec000000000000000000000000000000000080
:1084fc000000000000000000000000000000000070
:10850c00000000000000000000000000000000005f
:10851c00000000000000000000000000000000004f
:10852c00000000000000000000000000000000003f
:10853c00000000000000000000000000000000002f
:10854c00000000000000000000000000000000001f
:10855c00000000000000000000000000000000000f
:10856c0000000000000000000000000000000000ff
:10857c0000000000000000000000000000000000ef
:10858c0000000000000000000000000000000000df
:10859c0000000000000000000000000000000000cf
:1085ac0000000000000000000000000000000000bf
:1085bc0000000000000000000000000000000000af
:1085cc00000000000000000000000000000000009f
:1085dc00000000000000000000000000000000008f
:1085ec00000000000000000000000000000000007f
:1085fc00000000000000000000000000000000006f
:10860c00000000000000000000000000000000005e
:10861c00000000000000000000000000000000004e
:10862c00000000000000000000000000000000003e
:10863c00000000000000000000000000000000002e
:10864c00000000000000000000000000000000001e
:10865c00000000000000000000000000000000000e
:10866c0000000000000000000000000000000000fe
:10867c0000000000000000000000000000000000ee
:10868c0000000000000000000000000000000000de
:10869c0000000000000000000000000000000000ce
:1086ac0000000000000000000000000000000000be
:1086bc0000000000000000000000000000000000ae
:1086cc000000000000000000ffff0000ffff0000a2
:1086dc00ff0000000000000000000000000000008f
:1086ec00000000000000000000000000000000007e
:1086fc00000000000000000000000000000000006e
:10870c00000000000000000000000000000000005d
:10871c00000000000000000000000000000000004d
:10872c00000000000000000000000000000000003d
:10873c0000ff0000ffff0000ffff0000ffff000034
:10874c00ffff0000ffff0000ffff0000fff0000034
:10875c000000000000000000ffff0000ffff000011
:10876c00ffff0000ffff0000ffff0000ffff000005
:10877c00ffff0000ff000000000f0000ffff0000e3
:10878c00ffff0000ffff0000ffff0000ffff0000e5
:10879c00ffff0000ffff00000000000000ff0000d2
:1087ac00ffff0000ffff0000ffff0000ffff0000c5
:1087bc00ffff0000ffff0000ff00000000000000b2
:1087cc0000000000ffff0000ffff0000ffff0000a3
:1087dc00ffff0000f000000000000000000000009f
:1087ec00000f0000ffff0000ffff0000fff0000083
:1087fc000000000000000000ffff0000ffff000071
:10880c00fff00000000000000fff0000ffff000061
:10881c00ffff0000ffff0000ffff0000ffff000054
:10882c00ffff0000fff0000000000000000000004f
:10883c0000ff0000ffff0000ffff0000ffff000033
:10884c00ffff0000ffff0000ffff0000ffff000024
:10885c0000000000000000000fff0000ffff000000
:10886c00ffff0000ffff0000ffff0000ffff000004
:10887c00ffff0000ff00000000000000ffff0000f1
:10888c00ffff0000ffff0000ffff0000ffff0000e4
:10889c00ffff0000ffff0000ff00000000ff0000d2
:1088ac00ffff0000ffff0000ffff0000ffff0000c4
:1088bc00ffff0000ffff0000ff00000000000000b1
:1088cc0000ff0000ffff0000ffff0000ffff0000a3
:1088dc00ffff0000ffff0000000000000000000090
:1088ec00000f0000ffff0000ffff0000fff0000082
:1088fc0000000000000000000fff0000ffff000060
:10890c00fff00000000000000fff0000ffff000060
:10891c00ffff0000ffff0000ffff0000ffff000053
:10892c00ffff0000fff0000000000000000000004e
:10893c0000ff0000ffff0000ffff0000ffff000032
:10894c00ffff0000ffff0000ffff0000ffff000023
:10895c00f0000000000000000fff0000ffff00000f
:10896c00ffff0000ffff0000ffff0000ffff000003
:10897c00ffff0000ff00000000000000ffff0000f0
:10898c00ffff0000ffff0000ffff0000ffff0000e3
:10899c00ffff0000ffff0000fff0000000ff0000e1
:1089ac00ffff0000ffff0000ffff0000ffff0000c3
:1089bc00ffff0000ffff0000ff00000000000000b0
:1089cc000fff0000ffff0000ffff0000ffff000093
:1089dc00ffff0000ffff0000f0000000000000009f
:1089ec00000f0000ffff0000ffff0000ffff000072
:1089fc0000000000000000000fff0000ffff00005f
:108a0c00fff000000000000000ff0000ffff00006e
:108a1c00ffff0000ffff0000ffff0000ffff000052
:108a2c00ffff0000fff0000000000000000000004d
:108a3c0000ff0000ffff0000ffff0000ffff000031
:108a4c00ffff0000ffff0000ffff0000ffff000022
:108a5c00ff000000000000000fff0000ffff0000ff
:108a6c00ffff0000ffff0000ffff0000ffff000002
:108a7c00ffff0000ff00000000000000ffff0000ef
:108a8c00ffff0000ffff0000ffff0000ffff0000e2
:108a9c00ffff0000ffff0000fff0000000ff0000e0
:108aac00ffff0000ffff0000ffff0000ffff0000c2
:108abc00ffff0000ffff0000ff00000000000000af
:108acc00ffff0000ffff0000ffff0000ffff0000a2
:108adc00ffff0000ffff0000ff000000000000008f
:108aec00000f0000ffff0000ffff0000ffff000071
:108afc00f0000000000000000fff0000ffff00006e
:108b0c00fff00000000000000fff0000ffff00005e
:108b1c00ffff0000ffff0000ffff0000ffff000051
:108b2c00ffff0000fff0000000000000000000004c
:108b3c0000ff0000ffff0000ffff0000ffff000030
:108b4c00ffff0000ffff0000ffff0000ffff000021
:108b5c00ff000000000000000fff0000ffff0000fe
:108b6c00ffff0000ffff0000ffff0000ffff000001
:108b7c00ffff0000ff00000000000000ffff0000ee
:108b8c00ffff0000ffff0000ffff0000ffff0000e1
:108b9c00ffff0000ffff0000ffff000000ff0000d0
:108bac00ffff0000ffff0000ffff0000ffff0000c1
:108bbc00ffff0000ffff0000ff000000000f00009f
:108bcc00ffff0000ffff0000ffff0000ffff0000a1
:108bdc00ffff0000ffff0000fff00000000000009e
:108bec00000f0000ffff0000ffff0000ffff000070
:108bfc00ff000000000000000fff0000ffff00005e
:108c0c00fff00000000000000fff0000ffff00005d
:108c1c00ffff0000ffff0000ffff0000ffff000050
:108c2c00ffff0000fff0000000000000000000004b
:108c3c0000ff0000ffff0000ffff0000f00000003d
:108c4c000000000000ff0000ffff0000ffff00001d
:108c5c00ff000000000000000fff0000ffff0000fd
:108c6c00ffff0000000000000000000000000000fa
:108c7c00000000000f00000000000000ffff0000db
:108c8c00ffff0000fff000000000000000000000eb
:108c9c00ffff0000ffff0000ffff000000ff0000cf
:108cac0000000000000f0000ffff0000ffff0000ad
:108cbc00f0000000000000000f00000000ff0000aa
:108ccc00ffff0000ffff0000ffff0000ffff0000a0
:108cdc00ffff0000ffff0000ffff0000000000008e
:108cec00000f0000ffff0000ffff0000ffff00006f
:108cfc00fff00000000000000fff0000ffff00006d
:108d0c00fff00000000000000fff0000ffff00005c
:108d1c00ffff000000000000000000000000000049
:108d2c00000000000ff00000000000000000000038
:108d3c0000ff0000ffff0000ffff0000000000002c
:108d4c000000000000000000ffff0000ffff00001b
:108d5c00ff000000000000000fff0000ffff0000fc
:108d6c00fff0000000000000000000000000000008
:108d7c00000000000000000000000000ffff0000e9
:108d8c00ffff0000ff0000000000000000000000da
:108d9c0000ff0000ffff0000ffff000000000000cc
:108dac0000000000000f0000ffff0000ffff0000ac
:108dbc00f000000000000000000000000fff0000a9
:108dcc00ffff0000ffff0000ff000000000000009c
:108ddc00ffff0000ffff0000ffff0000f00000009d
:108dec00000f0000ffff0000ffff0000ffff00006e
:108dfc00fff00000000000000fff0000ffff00006c
:108e0c00fff00000000000000fff0000ffff00005b
:108e1c00ffff000000000000000000000000000048
:108e2c000000000000000000000000000000000036
:108e3c0000ff0000ffff0000ffff0000000000002b
:108e4c000000000000000000ffff0000ffff00001a
:108e5c00ff000000000000000fff0000ffff0000fb
:108e6c00fff0000000000000000000000000000007
:108e7c00000000000000000000000000ffff0000e8
:108e8c00ffff0000ff0000000000000000000000d9
:108e9c0000ff0000ffff0000ffff000000000000cb
:108eac0000000000000f0000ffff0000ffff0000ab
:108ebc00f000000000000000000000000fff0000a8
:108ecc00ffff0000ffff000000000000000000009a
:108edc0000ff0000ffff0000ffff0000f00000009b
:108eec00000f0000ffff0000ffff0000ffff00006d
:108efc00ffff0000000000000fff0000ffff00005c
:108f0c00fff00000000000000fff0000ffff00005a
:108f1c00ffff000000000000000000000000000047
:108f2c000000000000000000000000000000000035
:108f3c0000ff0000ffff0000ffff0000000000002a
:108f4c000000000000000000ffff0000ffff000019
:108f5c00ff000000000000000fff0000ffff0000fa
:108f6c00fff0000000000000000000000000000006
:108f7c00000000000000000000000000ffff0000e7
:108f8c00ffff0000ff0000000000000000000000d8
:108f9c0000ff0000ffff0000ffff000000000000ca
:108fac0000000000000f0000ffff0000ffff0000aa
:108fbc00f00000000000000000000000ffff0000b7
:108fcc00ffff0000fff000000000000000000000a8
:108fdc0000ff0000ffff0000ffff0000ff0000008b
:108fec00000f0000ffff0000ffff0000ffff00006c
:108ffc00ffff0000f00000000fff0000ffff00006b
:10900c00fff00000000000000fff0000ffff000059
:10901c00ffff000000000000000000000000000046
:10902c000000000000000000000000000000000034
:10903c0000ff0000ffff0000ffff0000ffff00002b
:10904c00ffff0000ffff0000ffff0000ffff00001c
:10905c00ff000000000000000fff0000ffff0000f9
:10906c00ffff0000ffff0000ffff0000ffff0000fc
:10907c00fff000000000000000000000ffff0000f7
:10908c00ffff0000ffff0000ffff0000ffff0000dc
:10909c00ffff0000ffff0000ffff000000000000ca
:1090ac0000000000000f0000ffff0000ffff0000a9
:1090bc00f00000000000000000000000ffff0000b6
:1090cc00ffff0000fff000000000000000000000a7
:1090dc00000f0000ffff0000ffff0000ff0000007a
:1090ec00000f0000ffff0000ffff0000ffff00006b
:1090fc00ffff0000ff0000000fff0000ffff00005b
:10910c00fff00000000000000fff0000ffff000058
:10911c00ffff0000ffff0000ffff0000ffff00004b
:10912c00ffff000000000000000000000000000035
:10913c0000ff0000ffff0000ffff0000ffff00002a
:10914c00ffff0000ffff0000ffff0000ffff00001b
:10915c00f0000000000000000fff0000ffff000007
:10916c00ffff0000ffff0000ffff0000ffff0000fb
:10917c00fff000000000000000000000ffff0000f6
:10918c00ffff0000ffff0000ffff0000ffff0000db
:10919c00ffff0000ffff0000ffff000000000000c9
:1091ac0000000000000f0000ffff0000ffff0000a8
:1091bc00f00000000000000000000000ffff0000b5
:1091cc00ffff0000fff000000000000000000000a6
:1091dc00000f0000ffff0000ffff0000ff00000079
:1091ec00000f0000ffff0000ffff0000ffff00006a
:1091fc00ffff0000fff000000fff0000ffff00006a
:10920c00fff00000000000000fff0000ffff000057
:10921c00ffff0000ffff0000ffff0000ffff00004a
:10922c00ffff000000000000000000000000000034
:10923c0000ff0000ffff0000ffff0000ffff000029
:10924c00ffff0000ffff0000ffff0000ffff00001a
:10925c00f0000000000000000fff0000ffff000006
:10926c00ffff0000ffff0000ffff0000ffff0000fa
:10927c00fff000000000000000000000ffff0000f5
:10928c00ffff0000ffff0000ffff0000ffff0000da
:10929c00ffff0000ffff0000fff0000000000000d7
:1092ac0000000000000f0000ffff0000ffff0000a7
:1092bc00f00000000000000000000000ffff0000b4
:1092cc00ffff0000ff000000000000000000000095
:1092dc0000000000ffff0000ffff0000ff00000087
:1092ec00000f0000ffff0000ffff0000ffff000069
:1092fc00ffff0000fff000000fff0000ffff000069
:10930c00fff00000000000000fff0000ffff000056
:10931c00ffff0000ffff0000ffff0000ffff000049
:10932c00ffff000000000000000000000000000033
:10933c0000ff0000ffff0000ffff0000ffff000028
:10934c00ffff0000ffff0000ffff0000ffff000019
:10935c00ff000000000000000fff0000ffff0000f6
:10936c00ffff0000ffff0000ffff0000ffff0000f9
:10937c00fff000000000000000000000ffff0000f4
:10938c00ffff0000ffff0000ffff0000ffff0000d9
:10939c00ffff0000ffff0000ff00000000000000c6
:1093ac0000000000000f0000ffff0000ffff0000a6
:1093bc00f00000000000000000000000ffff0000b3
:1093cc00ffff0000ff000000000000000000000094
:1093dc0000000000ffff0000ffff0000ff00000086
:1093ec00000f0000ffff0000ffff0000ffff000068
:1093fc00ffff0000ffff0000ffff0000ffff000069
:10940c00fff00000000000000fff0000ffff000055
:10941c00ffff0000ffff0000ffff0000ffff000048
:10942c00ffff000000000000000000000000000032
:10943c0000ff0000ffff0000ffff0000ffff000027
:10944c00ffff0000ffff0000ffff0000ffff000018
:10945c00fff00000000000000fff0000ffff000005
:10946c00ffff0000ffff0000ffff0000ffff0000f8
:10947c00fff000000000000000000000ffff0000f3
:10948c00ffff0000ffff0000ffff0000ffff0000d8
:10949c00ffff0000ffff0000f000000000000000d4
:1094ac0000000000000f0000ffff0000ffff0000a5
:1094bc00f00000000000000000000000ffff0000b2
:1094cc00ffff0000ff000000000000000000000093
:1094dc00000f0000ffff0000ffff0000ff00000076
:1094ec00000f0000ffff0000ffff0000f0ff000076
:1094fc00ffff0000ffff0000ffff0000ffff000068
:10950c00fff00000000000000fff0000ffff000054
:10951c00ffff0000ffff0000ffff0000ffff000047
:10952c00ffff000000000000000000000000000031
:10953c0000ff0000ffff0000ffff0000ffff000026
:10954c00ffff0000ffff0000ffff0000ffff000017
:10955c00fff00000000000000fff0000ffff000004
:10956c00ffff0000ffff0000ffff0000ffff0000f7
:10957c00fff000000000000000000000ffff0000f2
:10958c00ffff0000ffff0000ffff0000ffff0000d7
:10959c00ffff0000ffff00000000000000000000c3
:1095ac0000000000000f0000ffff0000ffff0000a4
:1095bc00f00000000000000000000000ffff0000b1
:1095cc00ffff0000fff000000000000000000000a2
:1095dc00000f0000ffff0000ffff0000ff00000075
:1095ec00000f0000ffff0000ffff0000f00f000065
:1095fc00ffff0000ffff0000ffff0000ffff000067
:10960c00fff00000000000000fff0000ffff000053
:10961c00ffff0000ffff0000ffff0000ffff000046
:10962c00ffff000000000000000000000000000030
:10963c0000ff0000ffff0000ffff00000000000023
:10964c0000000000000000000fff0000ffff000002
:10965c00fff00000000000000fff0000ffff000003
:10966c00fff00000000000000000000000000000ff
:10967c00000000000000000000000000ffff0000e0
:10968c00ffff0000ff000000000f0000ffff0000c4
:10969c00ffff0000ffff00000000000000000000c2
:1096ac0000000000000f0000ffff0000ffff0000a3
:1096bc00f00000000000000000000000ffff0000b0
:1096cc00ffff0000fff000000000000000000000a1
:1096dc00000f0000ffff0000ffff0000ff00000074
:1096ec00000f0000ffff0000ffff0000f000000073
:1096fc00ffff0000ffff0000ffff0000ffff000066
:10970c00fff00000000000000fff0000ffff000052
:10971c00ffff00000000000000000000000000003f
:10972c00000000000000000000000000000000002d
:10973c0000ff0000ffff0000ffff00000000000022
:10974c00000000000000000000ff0000ffff000010
:10975c00ffff0000000000000fff0000ffff0000f3
:10976c00fff00000000000000000000000000000fe
:10977c00000000000000000000000000ffff0000df
:10978c00ffff0000ff00000000000000ffff0000d2
:10979c00ffff0000ffff0000f000000000000000d1
:1097ac0000000000000f0000ffff0000ffff0000a2
:1097bc00f000000000000000000000000fff00009f
:1097cc00ffff0000ffff0000000000000000000091
:1097dc0000ff0000ffff0000ffff0000f000000092
:1097ec00000f0000ffff0000ffff0000f000000072
:1097fc00ffff0000ffff0000ffff0000ffff000065
:10980c00fff00000000000000fff0000ffff000051
:10981c00ffff00000000000000000000000000003e
:10982c00000000000000000000000000000000002c
:10983c0000ff0000ffff0000ffff00000000000021
:10984c00000000000000000000ff0000ffff00000f
:10985c00fff00000000000000fff0000ffff000001
:10986c00fff00000000000000000000000000000fd
:10987c00000000000000000000000000ffff0000de
:10988c00ffff0000ff00000000000000ffff0000d1
:10989c00ffff0000ffff0000f000000000000000d0
:1098ac0000000000000f0000ffff0000ffff0000a1
:1098bc00f000000000000000000000000fff00009e
:1098cc00ffff0000ffff0000f000000000000000a0
:1098dc000fff0000ffff0000ffff0000f000000082
:1098ec00000f0000ffff0000ffff0000f000000071
:1098fc000fff0000ffff0000ffff0000ffff000054
:10990c00fff00000000000000fff0000ffff000050
:10991c00ffff00000000000000000000000000003d
:10992c00000000000000000000000000000000002b
:10993c0000ff0000ffff0000ffff00000000000020
:10994c000000000000000000ffff0000ffff00000f
:10995c00fff00000000000000fff0000ffff000000
:10996c00fff00000000000000000000000000000fc
:10997c00000000000f00000000000000ffff0000ce
:10998c00ffff0000ff000000000000000fff0000c0
:10999c00ffff0000ffff0000ff00000000000000c0
:1099ac0000000000000f0000ffff0000ffff0000a0
:1099bc00f0000000000000000000000000ff0000ac
:1099cc00ffff0000ffff0000ffff0000ffff000093
:1099dc00ffff0000ffff0000ffff00000000000081
:1099ec00000f0000ffff0000ffff0000f000000070
:1099fc0000ff0000ffff0000ffff0000ffff000062
:109a0c00fff00000000000000fff0000ffff00004f
:109a1c00ffff00000000000000000000000000003c
:109a2c000000000000f0000000000000000000003a
:109a3c0000ff0000ffff0000ffff0000ffff000021
:109a4c00ffff0000ffff0000ffff0000ffff000012
:109a5c00fff00000000000000fff0000ffff0000ff
:109a6c00ffff0000ffff0000ffff0000ffff0000f2
:109a7c00ffff0000ff00000000000000ffff0000df
:109a8c00ffff0000ff0000000000000000ff0000ce
:109a9c00ffff0000ffff0000fff0000000000000cf
:109aac0000000000000f0000ffff0000ffff00009f
:109abc00f0000000000000000000000000ff0000ab
:109acc00ffff0000ffff0000ffff0000ffff000092
:109adc00ffff0000ffff0000ffff00000000000080
:109aec00000f0000ffff0000ffff0000f00000006f
:109afc00000f0000ffff0000ffff0000ffff000051
:109b0c00fff00000000000000fff0000ffff00004e
:109b1c00ffff0000ffff0000ffff0000ffff000041
:109b2c00ffff0000fff0000000000000000000003c
:109b3c0000ff0000ffff0000ffff0000ffff000020
:109b4c00ffff0000ffff0000ffff0000ffff000011
:109b5c00ff000000000000000fff0000ffff0000ee
:109b6c00ffff0000ffff0000ffff0000ffff0000f1
:109b7c00ffff0000ff00000000000000ffff0000de
:109b8c00ffff0000ff0000000000000000ff0000cd
:109b9c00ffff0000ffff0000fff0000000000000ce
:109bac0000000000000f0000ffff0000ffff00009e
:109bbc00f00000000000000000000000000f00009a
:109bcc00ffff0000ffff0000ffff0000ffff000091
:109bdc00ffff0000ffff0000fff00000000000008e
:109bec00000f0000ffff0000ffff0000f00000006e
:109bfc0000000000ffff0000ffff0000ffff00005f
:109c0c00fff00000000000000fff0000ffff00004d
:109c1c00ffff0000ffff0000ffff0000ffff000040
:109c2c00ffff0000fff0000000000000000000003b
:109c3c0000ff0000ffff0000ffff0000ffff00001f
:109c4c00ffff0000ffff0000ffff0000ffff000010
:109c5c00ff000000000000000fff0000ffff0000ed
:109c6c00ffff0000ffff0000ffff0000ffff0000f0
:109c7c00ffff0000ff00000000000000ffff0000dd
:109c8c00ffff0000ff00000000000000000f0000bc
:109c9c00ffff0000ffff0000ffff000000000000be
:109cac0000000000000f0000ffff0000ffff00009d
:109cbc00f0000000000000000000000000000000a8
:109ccc00ffff0000ffff0000ffff0000ffff000090
:109cdc00ffff0000ffff0000ff000000000000007d
:109cec00000f0000ffff0000ffff0000f00000006d
:109cfc0000000000ffff0000ffff0000ffff00005e
:109d0c00fff00000000000000fff0000ffff00004c
:109d1c00ffff0000ffff0000ffff0000ffff00003f
:109d2c00ffff0000fff0000000000000000000003a
:109d3c0000ff0000ffff0000ffff0000ffff00001e
:109d4c00ffff0000ffff0000ffff0000ffff00000f
:109d5c00f0000000000000000fff0000ffff0000fb
:109d6c00ffff0000ffff0000ffff0000ffff0000ef
:109d7c00ffff0000ff00000000000000ffff0000dc
:109d8c00ffff0000ff00000000000000000f0000bb
:109d9c00ffff0000ffff0000ffff000000000000bd
:109dac0000000000000f0000ffff0000ffff00009c
:109dbc00f0000000000000000000000000000000a7
:109dcc0000ff0000ffff0000ffff0000ffff00008e
:109ddc00ffff0000ffff000000000000000000007b
:109dec00000f0000ffff0000ffff0000f00000006c
:109dfc00000000000fff0000ffff0000ffff00004d
:109e0c00fff000000000000000ff0000ffff00005a
:109e1c00ffff0000ffff0000ffff0000ffff00003e
:109e2c00ffff0000fff00000000000000000000039
:109e3c0000ff0000ffff0000ffff0000ffff00001d
:109e4c00ffff0000ffff0000ffff0000fff000001d
:109e5c000000000000000000ffff0000ffff0000fa
:109e6c00ffff0000ffff0000ffff0000ffff0000ee
:109e7c00ffff0000ff000000000f0000ffff0000cc
:109e8c00ffff0000ff00000000000000000f0000ba
:109e9c00ffff0000ffff0000ffff0000f0000000cc
:109eac0000000000000f0000ffff0000ffff00009b
:109ebc00f0000000000000000000000000000000a6
:109ecc0000000000ffff0000ffff0000ffff00008c
:109edc00ffff0000ff000000000000000000000079
:109eec00000f0000ffff0000ffff0000ff0000005c
:109efc000000000000ff0000ffff0000ffff00005b
:109f0c00fff00000000000000fff0000ffff00004a
:109f1c00ffff0000ffff0000ffff0000ffff00003d
:109f2c00ffff0000fff00000000000000000000038
:109f3c000000000000000000000000000000000015
:109f4c000000000000000000000000000000000005
:109f5c0000000000000000000000000000000000f5
:109f6c0000000000000000000000000000000000e5
:109f7c00000000000f0000000000000000000000c6
:109f8c0000000000000000000000000000000000c5
:109f9c0000000000000000000000000000000000b5
:109fac0000000000000000000000000000000000a5
:109fbc000000000000000000000000000000000095
:109fcc0000000000000f0000ffff0000ffff00007a
:109fdc00fff0000000000000000000000000000086
:109fec000000000000000000000000000000000065
:109ffc000000000000000000000000000000000055
:10a00c000000000000000000000000000000000044
:10a01c000000000000000000000000000000000034
:10a02c000000000000f00000000000000000000034
:10a03c000000000000000000000000000000000014
:10a04c000000000000000000000000000000000004
:10a05c0000000000000000000000000000000000f4
:10a06c0000000000000000000000000000000000e4
:10a07c0000000000000000000000000000000000d4
:10a08c0000000000000000000000000000000000c4
:10a09c0000000000000000000000000000000000b4
:10a0ac0000000000000000000000000000000000a4
:10a0bc000000000000000000000000000000000094
:10a0cc000000000000000000000000000000000084
:10a0dc000000000000000000000000000000000074
:10a0ec000000000000000000000000000000000064
:10a0fc000000000000000000000000000000000054
:10a10c000000000000000000000000000000000043
:10a11c000000000000000000000000000000000033
:10a12c000000000000000000000000000000000023
:10a13c000000000000000000000000000000000013
:10a14c000000000000000000000000000000000003
:10a15c0000000000000000000000000000000000f3
:10a16c0000000000000000000000000000000000e3
:10a17c0000000000000000000000000000000000d3
:10a18c0000000000000000000000000000000000c3
:10a19c0000000000000000000000000000000000b3
:10a1ac0000000000000000000000000000000000a3
:10a1bc000000000000000000000000000000000093
:10a1cc000000000000000000000000000000000083
:10a1dc000000000000000000000000000000000073
:10a1ec000000000000000000000000000000000063
:10a1fc000000000000000000000000000000000053
:10a20c000000000000000000000000000000000042
:10a21c000000000000000000000000000000000032
:10a22c000000000000000000000000000000000022
:10a23c000000000000000000000000000000000012
:10a24c000000000000000000000000000000000002
:10a25c0000000000000000000000000000000000f2
:10a26c0000000000000000000000000000000000e2
:10a27c0000000000000000000000000000000000d2
:10a28c0000000000000000000000000000000000c2
:10a29c0000000000000000000000000000000000b2
:10a2ac0000000000000000000000000000000000a2
:10a2bc000000000000000000000000000000000092
:10a2cc000000000000000000000000000000000082
:10a2dc000000000000000000000000000000000072
:10a2ec000000000000000000000000000000000062
:10a2fc000000000000000000000000000000000052
:10a30c000000000000000000000000000000000041
:10a31c000000000000000000000000000000000031
:10a32c000000000000000000000000000000000021
:10a33c000000000000000000000000000000000011
:10a34c000000000000000000000000000000000001
:10a35c0000000000000000000000000000000000f1
:10a36c0000000000000000000000000000000000e1
:10a37c0000000000000000000000000000000000d1
:10a38c0000000000000000000000000000000000c1
:10a39c0000000000000000000000000000000000b1
:10a3ac0000000000000000000000000000000000a1
:10a3bc000000000000000000000000000000000091
:10a3cc000000000000000000000000000000000081
:10a3dc000000000000000000000000000000000071
:10a3ec000000000000000000000000000000000061
:10a3fc000000000000000000000000000000000051
:10a40c000000000000000000000000000000000040
:10a41c000000000000000000000000000000000030
:10a42c000000000000000000000000005665000065
:10a43c006c6f000063690000746100003a2000003a
:10a44c002564000000720000706d00003a200000ce
:08a45c0025640000000000006f
:020000040000fa
:10a464000400fa00000f7800110798009e0078009d
:10a47400d18088009e009000c18088000080fa008e
:10a48400000006000a00fa0030079800014f980007
:10a494000e4890000080fb004400dd0080407800fe
:10a4a4000e48900000c0700040479800c1808000b2
:10a4b400d08080008088b9000000d1008000eb00cb
:10a4c400008fbe00060037003e009000ce40900092
:10a4d400014878003e0090000000e8003007980032
:10a4e4001e0090001e00700000f0a7000000ea00ab
:10a4f4000000ea004f00de00004078000081eb001d
:10a504008081eb001e0f41005e9749000004e000cb
:10a51400edff3a000080fa00000006000800fa008f
:10a52400000f7800110798002207980063479800ed
:10a53400d08080008000e9001e009000808f5000d1
:10a544003e003900c08080008000e9002e009000a9
:10a55400808f50003b003900d18080002e00900095
:10a564008088b900800078001e00900000804000c0
:10a5740061006000004078000004e0001700320031
:10a58400d18080002e0090008088b900800078007f
:10a594001e009000008040000000d1001e0040001a
:10a5a400d2808000ae0090008191b9009e0090009e
:10a5b400810041008100d1009e80400091407800dc
:10a5c4000141780001cfb30001416100ee409000e9
:10a5d40081407100014878001b003700d180800061
:10a5e4002e0090008088b900800078001e00900042
:10a5f400008040000000d1001e004000d280800096
:10a60400ae0090008191b9009e009000810041004d
:10a614008100d1009e804000914078006fc16000ad
:10a62400ee4090008180fb00c408dd00814078008a
:10a6340081407100014878000300370000000000e9
:10a6440001003700000000000080fa00000006004e
:10a654000e00fa002007980031079800420798007e
:10a6640053079800444f9800ce0090005e0090007d
:10a67400808f50000e003100ce009000010f780052
:10a6840006003700ce4990001e017800be009000fd
:10a694002e009000a1ff07001e0fe8005e0090004e
:10a6a4009e007800808f5000f6ff36000f003700c0
:10a6b400de0090001107980008003700ce49900092
:10a6c4001e019000be0090002e00900093ff070032
:10a6d4001e0090000000e800100798009e00900003
:10a6e4004e009000808f5000f4ff36000080fa0086
:10a6f400000006000e00fa002007980031079800b9
:10a704004207980053079800444f9800ce009000e9
:10a714005e009000808f50000e003100ce0090004b
:10a72400010f780006003700ce4990003e019000ea
:10a734009e0078002e00900078ff07001e0fe800ae
:10a744005e0090009e007800808f5000f6ff360077
:10a754000f003700de009000110798000800370052
:10a76400ce4990003e0190009e0090002e00900083
:10a774006aff07001e0090000000e8001007980020
:10a784009e0090004e009000808f5000f4ff360031
:10a794000080fa00000006001a00fa007007980012
:10a7a400010f9800120f9800230f9800340f98009f
:10a7b400055f98008e0890002e089000808f50004e
:10a7c40006003a000e5a9000be0990001e0990003f
:10a7d4008e0890007e0090009dff07009e08900068
:10a7e4003e089000808f500006003a000e5a9000f8
:10a7f400ae0990000e0990009e0890007e00900023
:10a80400bcff0700be0890001e08900000805000a6
:10a814000001780002f0a7000201ea00ae089000ef
:10a824000e089000008050008000780001f0a7001e
:10a834008100ea0010002000810f510001003c005b
:10a844000000eb00200798002e009000e10f50005c
:10a854000c003a009e089000310798008e08900082
:10a86400110f9800be009000010f9800be089000e0
:10a8740031079800ae089000310f9800be00900098
:10a88400210f98008e0890002e089000808f5000b1
:10a894000c0036008e08900041079800ae08900026
:10a8a400010f9800ce009000210f98009e089000a0
:10a8b40041079800be089000110f9800ce00900048
:10a8c400310f9800ae0890000e08900000805000f0
:10a8d40050079800be0890001e08900000805000a9
:10a8e40000f0a7000000ea00600798005e009000f6
:10a8f400cf00de00008040000080d100000f78000f
:10a904009e0890003e089000808f500003003100a4
:10a9140010002000100798001f0037000080eb0093
:10a92400100798001c0037002e0090000000e00083
:10a93400060032008e5990000e0990009e08900087
:10a944007e009000f5fe0700050037008e59900048
:10a954001e0990008e0890007e009000effe070014
:10a964006e0090001e0f10001e0078000000e00032
:10a9740006003d001e0090009e08900000804000ec
:10a98400100f98005e0090001e0f40000e0890000b
:10a994000000e800000f98008e0890002e08900038
:10a9a400808f5000e0ff36000080fa0000000600af
:10a9b4004200fa00889fbe008a1f7800301f98006a
:10a9c400411f9800521f9800631f9800741f98003d
:10a9d40005c79800ce1890006e189000808f500024
:10a9e40006003a000ec29000fe1990005e19900015
:10a9f400ce1890003e18900015ff0700de18900056
:10aa04007e189000808f500006003a000ec290001d
:10aa1400ee1990004e199000de1890003e18900038
:10aa240034ff0700fe1890005e189000008050006c
:10aa34000001780002f0a7000201ea00ee1890007d
:10aa44004e189000008050008000780001f0a700ac
:10aa54008100ea0010c0b300810f510001003c00e6
:10aa64000040eb00004f98000e4890000004e00006
:10aa74000c003200de189000510798004e19900027
:10aa8400521f9800de019000431f9800fe189000aa
:10aa9400510798006e199000721f9800de01900013
:10aaa400631f9800ce1890006e189000808f50009d
:10aab4000c003600ce189000610798006e199000c3
:10aac400421f9800ee019000631f9800de1890006a
:10aad400610798007e199000521f9800ee019000c3
:10aae400731f9800ee1890004e18900000805000dc
:10aaf4008000eb00eed7070070079800010f980064
:10ab0400fe1890005e189000008050008000eb005a
:10ab1400e7d70700100f9800210f98007e019000de
:10ab24008e0990001e089000ae089000e5d807003a
:10ab3400300f9800410f98004e1890008000eb00f1
:10ab4400dbd707000cdc0700500f9800610f98005a
:10ab54005e1890008000eb00d5d707000004be000b
:10ab64004e1890008000eb00d1d707000001be0012
:10ab74005e089000ee089000e4d707003e099000bc
:10ab8400ce099000aed907000001be000800be0047
:10ab9400e7d70700700f9800011798004e1890002f
:10aba4008000eb00c2d707000200200003f023005e
:10abb400dfd707000004be004e1890008000eb00b1
:10abc400bbd707000200200003f02300d8d70700fa
:10abd400abdb07000001be000800be00cbd70700b6
:10abe4000001be000000200001f82300c7d70700c1
:10abf40010179800211798005e099000ee09900044
:10ac040032179800431798007e0890008e10900029
:10ac14009bdb070050179800611798000e489000be
:10ac24000004e0004a0032007e0890008e1090007c
:10ac340093db07000001be007e0890008e10900098
:10ac4400b2d707001e119000ae1190007cd9070006
:10ac54000001be000000200001f82300abd707006c
:10ac64000004be000ec090000080fb00cf80de0018
:10ac74008cd707000001be000800be0070d9070091
:10ac84006dd70700804478003e109000ce109000ed
:10ac940069d70700000478005e109000ee10900061
:10aca40065d7070000007800894178000801780022
:10acb400800078003e18900018fe07007e0890007f
:10acc4008e1090006edb07001e119000ae119000f4
:10acd4005bd907000001be007e0890008e10900032
:10ace4008ad707000004be000ec090000080fb005d
:10acf400cf80de006bd707000001be000800be0055
:10ad04004fd907004cd70700804478003e109000cc
:10ad1400ce10900048d707000004780002002000fd
:10ad240003f823005e109000ee10900080d7070017
:10ad340041d70700000078008941780008017800b5
:10ad4400800078003e189000f4fd070049003700a9
:10ad54007e0890008e10900049db07000001be00c1
:10ad64007e0890008e10900068d707001e11900096
:10ad7400ae11900032d907000001be00000020008f
:10ad840001f8230061d707000004be000ec0900044
:10ad94000080fb00cf80de0042d707000001be0028
:10ada4000800be0026d9070023d707008044780096
:10adb4005e109000ee1090001fd70700000478008a
:10adc4003e109000ce1090001bd7070000007800c2
:10add4008941780008017800800078003e189000ce
:10ade400cefd07007e0890008e10900024db070043
:10adf4001e119000ae11900011d907000001be0091
:10ae04007e0890008e10900040d707000004be001a
:10ae14000ec090000080fb00cf80de0021d7070029
:10ae24000001be000800be0005d9070002d70700d4
:10ae3400804478000200200003f823005e10900094
:10ae4400ee1090003ad70700fbd607000004780004
:10ae54003e109000ce109000f7d607000000780056
:10ae64008941780008017800800078003e1890003d
:10ae7400aafd07003e099000ce0990007e089000cc
:10ae84008e1090002ad70700008fbe006e18900025
:10ae94008000eb0006d7070037db0700500f98004f
:10aea400610f98007e1890008000eb0000d7070027
:10aeb4000004be006e1890008000eb00fcd6070072
:10aec4000001be005e089000ee0890000fd7070056
:10aed4003e099000ce099000d9d807000001be00b9
:10aee4000800be0012d70700700f980001179800e1
:10aef4006e1890008000eb00edd6070002002000e1
:10af040003f023000ad707000004be006e18900067
:10af14008000eb00e6d607000200200003f02300c7
:10af240003d70700d6da07000001be000800be0000
:10af3400f6d6070010179800211798005e099000b4
:10af4400ee09900072179800031f98007e08900085
:10af54008e109000cada0700101f9800211f980075
:10af64000e4890000004e0004a0032007e08900081
:10af74008e109000c2da07000001be007e08900027
:10af84008e109000e1d607001e119000ae119000c3
:10af9400abd807000001be000000200001f8230028
:10afa400dad607000004be000ec090000080fb004b
:10afb400cf80de00bbd607000001be000800be0043
:10afc4009fd807009cd60700804478007e1090002c
:10afd4008e18900098d60700000478001e18900080
:10afe400ae18900094d607000000780089417800dc
:10aff40008017800800078003e18900047fd0700a3
:10b004007e0890008e1090009dda07000001be00bb
:10b014007e0890008e109000bcd607001e11900090
:10b02400ae11900086d807000004be000ec0900048
:10b034000080fb00cf80de009ad607000001be002e
:10b044000800be007ed807007bd607008044780045
:10b054007e1090008e18900077d6070000047800c8
:10b064000200200003f823001e189000ae18900080
:10b07400afd6070070d60700000078008941780039
:10b0840008017800800078003e18900023fd070036
:10b09400490037007e0890008e10900078da07008f
:10b0a4000001be007e0890008e10900097d6070025
:10b0b4001e119000ae11900061d807000001be007f
:10b0c4000000200001f8230090d607000004be0011
:10b0d4000ec090000080fb00cf80de0071d6070018
:10b0e4000001be000800be0055d8070052d6070074
:10b0f400804478001e189000ae1890004ed60700c9
:10b10400000478007e1090008e1890004ad6070044
:10b1140000007800894178000801780080007800f8
:10b124003e189000fdfc07007e0890008e109000f1
:10b1340053da07000001be007e0890008e109000d4
:10b1440072d607001e119000ae1190003cd8070083
:10b154000004be000ec090000080fb00cf80de0023
:10b1640050d607000001be000800be0034d8070016
:10b1740031d60700804478000200200003f8230041
:10b184001e189000ae18900069d607002ad6070052
:10b19400000478007e1090008e18900026d60700d8
:10b1a4000000780089417800080178008000780068
:10b1b4003e189000d9fc07000e4890000004e000ff
:10b1c400630032000200200003f823003e109000c8
:10b1d400ce10900056d60700f6d507002007980039
:10b1e400480037001e0078009e00900024da070013
:10b1f4000001be001e0078009e00900043d60700a8
:10b204000001be000000200001f823003fd6070023
:10b214000004be000ec090000080fb00cf80de0062
:10b2240020d607000001be000800be0004d80700b5
:10b2340001d60700804478002e0490001e00780098
:10b244009e0090000eda0700fbd50700000078008e
:10b254008941780008017800800078003e18900049
:10b26400aefc07001e0078009e00900004da070080
:10b274000001be001e0078009e00900023d6070047
:10b284000004be000ec090000080fb00cf80de00f2
:10b2940004d607000001be000800be00e8d707007e
:10b2a400e5d50700804478002e0490001e00780045
:10b2b4009e009000f2d907000200200003f823004a
:10b2c4001bd60700dcd50700000078008941780010
:10b2d40008017800800078003e1890008ffc070079
:10b2e4003e099000ce0990001e0078009e00900058
:10b2f4000fd60700008fbe002e0090000000e8006b
:10b30400200798002e009000cf80de00e5d50700ce
:10b314000004be000200200003f823007e10900009
:10b324008e189000f9d507001ac0b3000001be00c2
:10b334000800be009dd507000000e00001003400b5
:10b344000045eb000a04e000a6ff3a006200370063
:10b354000200200003f823003e109000ce1090005d
:10b36400f3d5070093d5070030079800480037004d
:10b374001e0078009e009000c1d907000001be00a5
:10b384001e0078009e009000e0d507000001be007a
:10b394000000200001f82300dcd507000004be00f3
:10b3a4000ec090000080fb00cf80de00bdd50700fa
:10b3b4000001be000800be00a1d707009ed507000b
:10b3c400004478001e0078009e009000acd907006d
:10b3d40099d50700800078003e00900088417800ed
:10b3e40001017800800078003e1890004bfc0700b3
:10b3f4001e0078009e009000a1d907000001be0045
:10b404001e0078009e009000c0d507000004be0016
:10b414000ec090000080fb00cf80de00a1d50700a5
:10b424000001be000800be0085d7070082d50700d2
:10b43400004478001e0078009e00900090d9070018
:10b444000200200003f82300b9d507007ad50700cd
:10b45400800078003e009000884178000101780067
:10b46400800078003e1890002cfc07003e099000f4
:10b47400ce0990001e0078009e009000acd5070015
:10b48400008fbe003e0090000000e80030079800e6
:10b494003e009000cf80de0082d507000004be008d
:10b4a4000200200003f823007e1090008e18900004
:10b4b40096d507001ac0b3000001be000800be0004
:10b4c4003ad507000000e000010034000045eb001d
:10b4d4000a04e000a6ff3a004f0578004f04be00be
:10b4e4000080fa00000006000c00fa00000f78004b
:10b4f4001107980022079800330798004407980022
:10b50400254f98002e4a9000ce0190002e01900005
:10b514009e0090001e0078004dfc07002e4a90000b
:10b52400ce0190002e019000be0090001e00780015
:10b5340047fc07002e4a9000be0190001e019000b7
:10b54400ae0090001e0078006afc07002e4a9000ae
:10b55400be0190001e019000ce0090001e007800f5
:10b5640064fc07000080fa00000006001000fa00e6
:10b574002007980031079800420798005307980065
:10b5840064079800654f9800be009000010f780092
:10b5940010003700ce009000110798000800370013
:10b5a400ee4990001e0190009e0078002e0090004d
:10b5b400dafb07001e0090000000e8001007980066
:10b5c4009e0090006e009000808f5000f4ff3600c3
:10b5d4001e0fe8005e0090009e007800808f5000ef
:10b5e400ecff36000080fa00000006001400fa00a8
:10b5f400500798006107980072079800030f98009d
:10b60400245798000e08900061001000000f780085
:10b6140010002000100798008e089000e0ff2f0013
:10b624008088b900200798000000eb0030079800dc
:10b634008e08900041079800fe0090000e089000cc
:10b6440000804000ae51900000017800ee009000b0
:10b654005e009000b1fb0700fe0090000e08900011
:10b6640000805000ae51900000017800ee00900080
:10b674005e009000a9fb0700ee0090000e08900009
:10b6840000804000ae5190007e0190008000780060
:10b694005e009000a1fb0700ee0090000e089000f1
:10b6a40000805000ae5190007e0190008000780030
:10b6b4005e00900099fb07006b0037001e007800c5
:10b6c4000000e000080035004e0090000000e90092
:10b6d400400798002e0090000080e80020079800a2
:10b6e4002e0090001e0f40003e0090000000e80075
:10b6f400300798001e0090000080e80010079800b2
:10b704001e0090001e0f4000ce0090007e009000ae
:10b71400808040003e0190006e00900000004100d7
:10b72400ae51900001017800800078005e00900026
:10b734007afb0700ce0090007e00900080804000dd
:10b744003e0090006e01900000005100ae51900048
:10b7540001017800800078005e0090006ffb070014
:10b764004e009000fe009000808050003e0190004a
:10b774006e00900000004100ae519000010178007d
:10b78400800078005e00900064fb07004e0090008b
:10b79400fe009000808050003e0090006e019000fa
:10b7a40000005100ae519000010178008000780043
:10b7b4005e00900059fb0700be0090007e009000e0
:10b7c400808040004e0190006e0090000000410017
:10b7d400ae51900001017800800078005e00900076
:10b7e4004efb0700be0090007e0090008080400069
:10b7f4004e0090006e01900000005100ae51900088
:10b8040001017800800078005e00900043fb07008f
:10b814003e009000fe009000808050004e01900099
:10b824006e00900000004100ae51900001017800cc
:10b83400800078005e00900038fb07003e00900016
:10b84400fe009000808050004e0090006e01900039
:10b8540000005100ae519000010178008000780092
:10b864005e0090002dfb0700be0090004e0090008b
:10b87400808f500091ff35000080fa000000060020
:10b884001200fa0030079800410798005207980008
:10b894006307980074079800050f98000000eb00f8
:10b8a400000f7800ee009000110798001b0037008d
:10b8b400de009000210798000f0037004e00900032
:10b8c4001e004000104078000080fb004400de00b1
:10b8d40000407800804178001e019000ae00900086
:10b8e4003e0090000dfb07001e0fe8002e009000a4
:10b8f4000000e80020079800de0090007e00900021
:10b90400808040002e009000808f5000ebff3e00ae
:10b914001e0090000000e80010079800ee00900060
:10b924000e089000808040001e009000808f500020
:10b93400dfff3e000080fa00000006001600fa0057
:10b94400500798006107980072079800030f980049
:10b95400140f9800250f98000000eb00000f7800ea
:10b964000000eb00100798000040eb00004f980027
:10b974008e0890002107980031003700fe009000e7
:10b9840031079800250037001e0090000040780021
:10b9940061406000004f98000e4890000004e000f1
:10b9a4000f003a006e0090001e0040001040780026
:10b9b4000080fb004400de000040780080417800f5
:10b9c4002e019000be0090005e009000d3fa0700a4
:10b9d4001e0090000000e800100798000c003700db
:10b9e4006e0090001e0040001040780080417800f6
:10b9f4002e019000be0090005e009000c7fa070080
:10ba04001e0090000000e800100798001e0fe800d8
:10ba14003e0090000000e80030079800fe0090000f
:10ba24001e089000808040003e009000808f5000ef
:10ba3400d5ff3e002e0090000000e800200798008b
:10ba44008e0890002e089000808040002e00900008
:10ba5400808f5000c9ff3e000080fa0000000600fd
:10ba64000200fa00000f78009e007800218188000f
:10ba74000080fa00000006001800fa007007980021
:10ba840001579800120f9800230f980064579800ec
:10ba9400208180000000e0006600320020818000e8
:10baa40020009000004078008e50900000c05000ac
:10bab4000057980020818000900090000e50900064
:10bac4000080fb004300dd00008040003007980048
:10bad4002081800090007800410798003e0090008b
:10bae400100f78003e009000a0409000214f980075
:10baf4003e009000b0409000314f98003e0090000e
:10bb0400d0409000414f98003e009000e0409000eb
:10bb1400514f98000040eb00204798000040eb0094
:10bb2400304798000040eb00404798000040eb008d
:10bb3400504798000040eb00404798003800370019
:10bb44000040eb00504798002e0037002e40900034
:10bb54000080fb006700600000f0a7000000ea001e
:10bb64000000e9004f00de0000407800ae40900085
:10bb74008140e800214798000004e00005003200fd
:10bb84004e0090001e00400090407800314798001d
:10bb94001e0fe8003e4090000004e00013003d004a
:10bba4005e4890008000fb002e08900080804000da
:10bbb4004e4090000080fb00808040004e48900082
:10bbc4000001fb001e089000000141005e4090004f
:10bbd4000080fb0000004100ee519000010178005c
:10bbe400800078007e0090004cfa07003e409000f0
:10bbf40000404000304798005e4090000040e8005c
:10bc040050479800de4090002e48900080cf5000ae
:10bc1400ceff39004e4090000040e80040479800b5
:10bc2400ce4090003e48900080cf5000c4ff3900c1
:10bc340001003700000000000080fa000000060048
:10bc44000a00fa00000f78001107980022079800f4
:10bc540033079800044f9800180037001e00900026
:10bc6400104078000e4a9000be0190002e01900012
:10bc7400804078001e0078007fff0700208180004c
:10bc8400900090001e009000104078000000fb001f
:10bc94000002b1004300dd000080400040409000fd
:10bca4000080fb00ae009000008040002007980058
:10bcb4001e0090000000e800100798001e0090008d
:10bcc400104078000004e000e4ff3a000080fa002d
:10bcd400000006000600fa00000f78001107980023
:10bce40022079800f3c7b3000041eb00f1c3b3008f
:10bcf4000040eb00000807002e0090004800dd0023
:10bd04008000d1001e009000008040001e00400012
:10bd140002002200030020000c0807000080fa0043
:10bd2400000006000200fa00000f78001e007800f0
:10bd3400e10f500009003200e10f50000500390006
:10bd4400e20f500007003200e30f500007003200fa
:10bd54000800370001eba8000600370011eba8002b
:10bd64000400370021eba8000200370031eba800e3
:10bd7400000000000080fa00000006000400fa0041
:10bd8400000f7800110798001e007800e10f5000a2
:10bd94000b003200e10f500005003900e20f5000a3
:10bda4000b003200e30f50000d003200100037008a
:10bdb4009e00900021588800062bef000c003700ed
:10bdc4009e009000a1588800162bef000800370051
:10bdd4009e00900021598800262bef0004003700b4
:10bde4009e009000a1598800362bef00000000004f
:10bdf4000080fa00000006000400fa00000f78003a
:10be0400110798001e007800e10f50000a0032006c
:10be1400e10f500005003900e20f50000900320024
:10be2400e30f50000a0032000c0037009e0090001f
:10be340061588800090037009e009000e15888008e
:10be4400060037009e009000615988000300370007
:10be54009e009000e1598800000000000080fa0074
:10be6400000006000c00fa00889fbe008a1f7800bc
:10be7400004f9800510798000000eb00100798004d
:10be84000000eb00000f78006000b8002007980065
:10be9400310798000e4890000080fb00c400dd00cc
:10bea40000a02200008040001000780061006000c3
:10beb400100798001e0090000000e00018003a00ef
:10bec4000e4890000080fb00c400dd0000a02200aa
:10bed4000080400090007800c0ff210000806000d6
:10bee4004200de008000eb005e0190000089be008d
:10bef4005e009000a00090000100a10021009800c5
:10bf04000e4890000080fb00c400dd0000a0220069
:10bf14000080400010007800620f60005f0037006e
:10bf24000e4890000080fb00c400dd0000a0220049
:10bf340000804000100078006104b800c0ff2100b8
:10bf440001002000080578000904780080047800c6
:10bf54008100780009006500810064008103780095
:10bf6400000378000600be002007980031079800ff
:10bf74002e009000be009000c000dd0000002000f4
:10bf84005e039000008bbe005e00900010047800f9
:10bf9400900490000e4890000080fb004400dd00f7
:10bfa4008080e80000a0220000804000100078009b
:10bfb4006103b800f0ff20000100200006057800ae
:10bfc400070378008003780081007800070065008b
:10bfd4008100630081027800000278004628dd00b9
:10bfe400ca20de00810070004620dd000800400009
:10bff400898048005e029000008abe005e009000c6
:10c0040010037800900390000e4890000080fb001d
:10c014004400dd00e400400000a022000080400055
:10c02400100078004a00de006102b800f0ff2f0023
:10c0340001002000040478000502780080027800e2
:10c0440081007800050064008100620081017800ad
:10c05400000178000200be0006004000878048000e
:10c064005e0190000089be005e009000a000900078
:10c074000100a000210098000e4890000080fb0001
:10c084004400dd00e400400000a0220000804000e5
:10c094009000780000202000008f60001e007800cf
:10c0a4000000e000050032005e009000a000900057
:10c0b4000110a000210098007b0037005e00900072
:10c0c400a00090000110a100210098005e009000e3
:10c0d400300090008e4890008180fb00c408dd0091
:10c0e4006681400001a02200810041009100780097
:10c0f40081407800014878005e0090003000900094
:10c104000000e8008e4890008180fb00c408dd0038
:10c114006681400001a02200810041009100780066
:10c12400c808de0081407800014878005e00900075
:10c13400300090000080e8008e4890008180fb0071
:10c14400c408dd006881400001a022008100410094
:10c154009100780081407800014878005e009000ea
:10c1640030009000630040008e4890008180fb0006
:10c17400c408dd006881400001a022008100410064
:10c1840091007800c808de008140780001487800fa
:10c194005e00900030009000640040008e489000e3
:10c1a4008180fb00c408dd006a81400001a02200f8
:10c1b40081004100910078008140780001487800b6
:10c1c4005e00900030009000650040008e489000b2
:10c1d4008180fb00c408dd006a81400001a02200c8
:10c1e4008100410091007800c808de008140780099
:10c1f400014878005e009000300090006600400026
:10c204008e4890008180fb00c408dd006c814000f2
:10c2140001a0220081004100910078008140780053
:10c22400014878005e0090003000900067004000f4
:10c234008e4890008180fb00c408dd006c814000c2
:10c2440001a022008100410091007800c808de00ae
:10c2540081407800014878000e4890000080fb007f
:10c264004400dd00e400400000a022000080400003
:10c2740010007800004078006f4060006f4060005c
:10c284006f406000de0090000080fb006f006000e3
:10c294004200dd00a101900032fc2f000281610008
:10c2a40002007000a00098004f0578004f04be0003
:10c2b4000080fa00000006000400fa00000f780075
:10c2c400110798001e00900020009000610060009b
:10c2d4000000e0001d003a001e0090009000900055
:10c2e4001000780080007800f07f2000008060005b
:10c2f400c200dd001e009000200090000000d1006c
:10c30400614060000080fb000000400062006000ab
:10c31400808040001e007800010878001e80e8003c
:10c324008000eb00010878009e00780064804000e3
:10c334009e009000a1009000c208de00efc06000e3
:10c344008180fb00010878002f0037001e00900058
:10c3540090009000100078004008de008000780013
:10c36400c0ff210000806000800078003100b3002d
:10c374001e007800010878001e81e8001e0090006d
:10c384009000900010007800ca09dd004600de002d
:10c3940000807100c608de0080007800f0ff2000f5
:10c3a40000806000000978009e00780064814000ed
:10c3b4001e009000200090004200de006f406000ec
:10c3c4008081fb001e009000900090001000780017
:10c3d400000078004a00dd00808041001e009000cb
:10c3e400200090000000d100614060000080fb004c
:10c3f4004900dd00800178000020200000806100f9
:10c4040000804000000978001e0090003000900079
:10c414000000e0003b0032009e017800668041008d
:10c424009e009000b10090008100e80091407800e7
:10c434008180fb004809dd009e009000b10090005f
:10c44400914078008180fb00810041000108780060
:10c454009e007800688040009e009000b10090002b
:10c46400e3804000914078008180fb004809dd00b2
:10c474009e009000b10090008180e8009140780017
:10c484008180fb0081004100010878009e01780052
:10c494006a8041009e009000b1009000e580400059
:10c4a400914078008180fb004809dd009e009000e7
:10c4b400b1009000e4804000914078008180fb004e
:10c4c40081004100010878009e0078006c804000e3
:10c4d4009e009000b1009000e780400091407800f9
:10c4e4008180fb004809dd009e009000b1009000af
:10c4f400e6804000914078008180fb00810041008b
:10c50400010878000080fa00000006000000fa002c
:10c514002468a9000c24ef0001208000f08f2f0074
:10c524000080600000a0a00000208800000000003f
:10c5340001208000000e20008080600000082000a0
:10c54400808f5000faff3a001024ef008019200079
:10c554009020880020002c0030208800100020004b
:10c56400a02088000024ef000004a800c12080005f
:10c57400c0ff2f0000806000c02088008021800060
:10c58400ff00600000902d000100700080218800f1
:10c59400a02180007f006000a0218800c0218000cd
:10c5a4007f006000c021880081218000c0ff2f002f
:10c5b4000080600080218800a1218000c0ff2f003e
:10c5c40000806000a0218800c1218000c0ff2f00ee
:10c5d40000806000c02188003224ef003624ef0080
:10c5e4003a24ef003064a9003464a9003864a90037
:10c5f40000228000ff00600000462200010070005d
:10c604000022880001228000c0ff2f00008060000b
:10c61400002288004224ef004064a9000021800029
:10c62400f000b300002188000004a90030e4a80051
:10c6340031e4a80032e4a90033e4a90034e4a900f9
:10c6440035e4a90036e4a90037e4a900812180007b
:10c65400c0ff2f00008060008021880081218000bd
:10c66400f0cf2f000080600080218800912180009d
:10c67400c0ff2f000080600090218800912180007d
:10c68400f0cf2f000080600090218800a12180005d
:10c69400c0ff2f0000806000a0218800a12180003d
:10c6a400f0cf2f0000806000a0218800b12180001d
:10c6b400c0ff2f0000806000b0218800b1218000fd
:10c6c400f0cf2f0000806000b02188002024ef000c
:10c6d4002224ef002824ef002a24ef000a24a900d2
:10c6e40001208000f08f2f0000806000002088006f
:10c6f4000000000001208000000e20000080600087
:10c704000000e000fbff3a00606926008a01070090
:10c71400a06a260092010700e06b26009a01070038
:10c72400206d2600a101070080952600a9010700bd
:10c73400806f2600b10107002468a8000c24a8001b
:10c744000ca4a8000c44a8000080fa000000060015
:10c754000000fa0020442000800078000000eb0074
:10c76400a5fd070000a02200800078000000eb0077
:10c7740082fd07000000eb006afd07000080fa005c
:10c78400000006000000fa00004420008000780049
:10c794001000200098fd070000a02200800078000f
:10c7a4001000200075fd0700100020005dfd07004b
:10c7b4000080fa00000006000400fa001007980048
:10c7c4000000eb00000f780021000700e40f500088
:10c7d400060032001e009000e10f500003003200fa
:10c7e4001e009000e40f500014003a001e00900058
:10c7f40000407800674060000080fb006700600034
:10c804004800dd0002208000f18f2f0081006100cc
:10c81400010070000020880000000000002080005b
:10c824004500de00674060008080fb001e00900031
:10c83400808f5000f9ff3a000200370010002000fa
:10c84400000f78001e0078000080fa000000060047
:10c854000000fa00002080004500de006740600010
:10c864000080fb000080fa00000006000c00fa00c3
:10c8740040079800510798000000eb00000f780073
:10c8840000432000100798000040eb006047980028
:10c894005e009000200090004200de006f406000c7
:10c8a4000080fb00e80f5000010034001e00a000cf
:10c8b4000000eb0020079800280037001e009000bd
:10c8c4009040780000c8b30000c060000004e0009d
:10c8d4001c0032001e009000104078006840600088
:10c8e4000004e00017003a0001a022002e0090008e
:10c8f4004400dd0000804000de0090006efe070072
:10c904004e00900000407800e34060001e0090005c
:10c91400e3c0600090417800c2cfb30002c161005f
:10c9240081407100014878001e009000904078001a
:10c934000134a0000148780010c0b300604798009b
:10c94400090037001e0090000000e800100798005e
:10c954002e0090000000e800200798002e009000b0
:10c96400e10f5000d5ff36006e4090000004a20095
:10c974000004e000020032009e007800638f700023
:10c984001e0078000080fa00000006000a00fa0089
:10c99400400798000040eb0020479800502080009a
:10c9a400640060000000e000080032000a44a900ae
:10c9b400b08080000000e00002003200b0808000ff
:10c9c400000001002e409000390037004e00900016
:10c9d400300090000000e00002003a002e40900079
:10c9e400330037004020800000407800f043b2005c
:10c9f4000080fb00300798003e009000ef0f5000cd
:10ca040005003e000121800021079800be0090002f
:10ca1400010f7800040037001121800021079800dd
:10ca24003e009000700f50001e007800ae00900091
:10ca34000008de0061006000004078000004e000af
:10ca44001a0032003e00900000407800ce009000b2
:10ca540004fd07003e009000ef0f500009003e0067
:10ca64001e007800110020000008dd000080ea00ac
:10ca74008000780000218000008060000021880090
:10ca8400080037001e007800110020000008dd00b7
:10ca94000080ea008000780010218000008060009f
:10caa4001021880010c0b300204798002e40900049
:10cab4000080fa00000006000000fa005020800008
:10cac4004d00de00614060000080fb0000f0a70024
:10cad4000000ea000000ea004f00de000040780099
:10cae4000080fa00000006000000fa0050208000d8
:10caf4004b00de00614060000080fb0000f0a700f6
:10cb04000000ea000000ea004f00de000040780068
:10cb14000080fa00000006000000fa0050208000a7
:10cb24004900de00614060000080fb0000f0a700c7
:10cb34000000ea000000ea004f00de000040780038
:10cb44000080fa00000006000200fa000040eb003a
:10cb5400004f78000ec4bf000004e000050032005e
:10cb64000ec4bf000004e0000200350010c0b30092
:10cb7400004f78001e4078000080fa000000060094
:10cb84000000fa00502080004c00de00614060008c
:10cb94000080fb0000f0a7000000ea000000ea00ab
:10cba4004f00de00004078000080fa00000006001c
:10cbb4000000fa00502080004a00de00614060005e
:10cbc4000080fb0000f0a7000000ea000000ea007b
:10cbd4004f00de00004078000080fa0000000600ec
:10cbe4000200fa000040eb00004f78000fc4bf00c1
:10cbf4000004e000050032000fc4bf000004e000a0
:10cc04000200350010c0b300004f78001e407800c9
:10cc14000080fa00000006000600fa000000eb00a5
:10cc2400000f780001218000210798002e00900059
:10cc34000000e000110032000000eb001007980033
:10cc44000b0037001e009000ae0090000008de00cc
:10cc540061006000004078000004e0000100320040
:10cc64001e0fe8001e0090000000e8001007980066
:10cc74001e009000ef0f5000f2ff360011218000db
:10cc8400210798002e0090000000e00011003200ff
:10cc94000000eb00100798000b0037001e00900006
:10cca400ae0090000008de006100600000407800e3
:10ccb4000004e000010032001e0fe8001e00900096
:10ccc4000000e800100798001e009000ef0f5000cd
:10ccd400f2ff36001e007800004078000080fa0061
:10cce400000006000000fa000ac4a9000cc4a80051
:10ccf40001208000f08f2f00008060000080a000e1
:10cd0400002088000000000001208000000e2000a8
:10cd14008080600000022000808f5000faff3a00fb
:10cd24000080fa00000006000000fa00500107002d
:10cd34000080fa00000006000200fa00000f7800ec
:10cd44001e007800608088000080fa000000060061
:10cd54000000fa00490107000080fa000000060004
:10cd64000200fa00000f78001e007800708088002e
:10cd74000080fa00000006000000fa0042010700eb
:10cd84000080fa00000006000200fa00000f78009c
:10cd94001e007800808088000080fa0000000600f1
:10cda4000000fa000080fa00000006000200fa0009
:10cdb400000f78001e007800908088000080fa0040
:10cdc400000006000000fa00320107000080fa00ab
:10cdd400000006000200fa00000f78001e00780030
:10cde400a08088000080fa00000006000000fa001d
:10cdf4002b0107000080fa00000006000200fa0080
:10ce0400000f78001e007800b08088000080fa00cf
:10ce1400000006001400fa00000f9800110f98009b
:10ce240003000900001feb008e00b1007e0798008c
:10ce34001e089000900090001000780040079800b1
:10ce4400510798001e089000404090006140600027
:10ce54000080fb0061006000ee0090000100a10072
:10ce640001007000600798001e0890005040900078
:10ce7400614060000080fb00610060000000400031
:10ce8400ee0090000110a1000100700060079800fe
:10ce94001e089000604090006f4060000080fb001e
:10cea4006f0060004200dd006e01900031fc2f0035
:10ceb4008100610001007000600798007e0090000e
:10cec4009e089000f1409000014878007e00900098
:10ced4000000e8009e089000814890000148780016
:10cee4007e0090000080e8009e0890009148900029
:10cef400014878007e009000630040009e08900086
:10cf0400a1489000014878007e0090006400400031
:10cf14009e089000b1489000014878007e0090007f
:10cf2400650040009e089000c148900001487800c8
:10cf34007e009000660040009e089000d14890005a
:10cf4400014878007e009000670040009e08900031
:10cf5400e1489000014878006800470080007800ac
:10cf64000e08900041fe070000f0a7000000ea0050
:10cf74000000ea004f00de00004078000080fa0064
:10cf8400000006001400fa00100f98000040eb00a7
:10cf9400004f7800e1004700070009008058eb00cb
:10cfa4000e00e800000f98006a00470077fe0700b3
:10cfb4000004e000430032005e009000ee009000a8
:10cfc4001e0990000089be007e0090006140600050
:10cfd400804078001e089000414098007e00900038
:10cfe400620060000000e000040032001e089000af
:10cff40021c0b30051409800030037001e08900080
:10d0040011c0b300514098000e0890009040780081
:10d014001e089000714098000e0890000000e8007f
:10d02400904078001e089000014898000e08900077
:10d034000080e800904078001e0890001148980095
:10d044000e08900063004000904078001e08900095
:10d05400214898000e089000640040009040780039
:10d064001e089000314898000e08900065004000aa
:10d07400904078001e089000414898000e089000e7
:10d0840066004000904078001e08900051489800c7
:10d094000e08900067004000904078001e08900041
:10d0a400614898007e0090004200de006f406000fe
:10d0b400804078001e0890006140980010c0b300c2
:10d0c400004f78001e4078000080fa00000006003f
:10d0d4000000fa00502080004d00de006140600036
:10d0e4000080fb0000f0a7000000ea000000ea0056
:10d0f4004f00de00004078000080fa0000000600c7
:10d104000000fa00502080004b00de006140600007
:10d114000080fb0000f0a7000000ea000000ea0025
:10d124004f00de00004078000080fa000000060096
:10d134000000fa00502080004c00de0061406000d6
:10d144000080fb0000f0a7000000ea000000ea00f5
:10d154004f00de00004078000080fa000000060066
:10d164000600fa000000eb00000f780001218000a7
:10d17400210798002e0090000000e000110032000a
:10d184000000eb00100798000b0037001e00900011
:10d19400ae0090000008de006100600000407800ee
:10d1a4000004e000010032001e0fe8001e009000a1
:10d1b4000000e800100798001e009000ef0f5000d8
:10d1c400f2ff360011218000210798002e00900004
:10d1d4000000e000110032000000eb00100798008e
:10d1e4000b0037001e009000ae0090000008de0027
:10d1f40061006000004078000004e000010032009b
:10d204001e0fe8001e0090000000e80010079800c0
:10d214001e009000ef0f5000f2ff36001e00780051
:10d22400004078000080fa00000006000000fa00c8
:10d234000ac4a9000cc4a80001208000f08f2f00ac
:10d24400008060000080a000002088000000000032
:10d2540001208000000e2000808060000002200079
:10d26400808f5000faff3a000080fa0000000600a8
:10d274000000fa000080fa00000006000000fa0036
:10d284000080fa00000006000000fa000080fa00a6
:10d29400000006000000fa000080fa00000006000a
:10d2a4000000fa000080fa00000006002000fa00e6
:10d2b40080c0b3004047980076004700200f9800d4
:10d2c4006e004700b1fd07000004e0008a00320050
:10d2d4007e0190008e099000301220000100200091
:10d2e400800f5100818f590008003a00ae08900069
:10d2f4007e0047006b0607006e58900000f0b700f0
:10d304007e58900001f0b7007b0037007e0190004a
:10d314008e0990000001200001002000800f5100c0
:10d32400818f590017003a002e08900010407800b1
:10d33400e14f500004003a000470ef0010c0b30045
:10d3440002f0b7006c0037002e08900010407800ff
:10d35400e24f500004003a0010c0b30004f0b700dc
:10d364000270ef00640037002e089000104078002f
:10d374000004e00060003a000470ef000270ef0067
:10d384005d0037007e0190008e099000100120009e
:10d3940001002000800f5100818f59002b003a00ba
:10d3a4000ad0bf000004a2000004e00027003200fd
:10d3b4004e4090008080fb004080800080804000d0
:10d3c40080002200808f50004b003e000000eb00e4
:10d3d400000f780011003700418080001e007800a3
:10d3e4008080400070002200808f50000a003e00c0
:10d3f400418080001e007800008040002e099000cb
:10d404009e00780081004100914078008202210052
:10d4140000004100014878001e0fe8004e409000d3
:10d424000080fb009e0f5000ebff3c004e4090003c
:10d434008080fb00408080000080400040808800a5
:10d4440010c0b30003f0b7002b0037007e0190003a
:10d454008e0990004012200001002000800f51002e
:10d46400818f590024003a000000eb001007980057
:10d4740013003700418080001e009000808040002f
:10d4840070002200808f50000a003e00418080001e
:10d494001e009000008040002e0990009e00900025
:10d4a4008100410091407800820221000000410087
:10d4b400014878001e0090000000e8001007980062
:10d4c4004e4090008080fb001e009000808f500032
:10d4d400e8ff3c004e4090008080fb0040808000cc
:10d4e400008040004080880010c0b3000af0b700fc
:10d4f40010c0b30003f0b7000080fa00000006007b
:10d504001000fa004007980051079800620798003d
:10d51400634f98006e489000e84f500002003600b8
:10d524000000eb00180037004e019000de0190006f
:10d53400028fbe002e0090000010a100200798006a
:10d544002e0090000000a100200798006e48900073
:10d554006f4060000080fb006f0060004200dd004f
:10d564002e01900031fc2f00810061000100700049
:10d5740020079800ee019000330798008e00780091
:10d5840030002000b9fc07000080fa00000006000b
:10d594002420fa00130607006dfc070079fc07003d
:10d5a4001c010700e4004700ff0f09008018eb008e
:10d5b40020492a002af907002002220041c1b300b1
:10d5c40001777800200222000000470013c0b30056
:10d5d400000178006001200001002000c8ff07005e
:10d5e400000f7800640047008040eb00a5f30700bb
:10d5f400640047003502200004102000f3002000de
:10d604000001eb00c1092c00ccf8070064004700be
:10d614000001eb008000eb00aef90700401f200082
:10d6240075050700640047008040eb0095f3070090
:10d634006400470085032000041020008001eb00f3
:10d644000001eb00c1492a00bcf807006400470050
:10d654000001eb008000eb009ef90700401f200052
:10d6640065050700640047008040eb0085f3070070
:10d6740040002200000047008000eb00811f78007a
:10d68400c1212d00811f78008cd10700e487570049
:10d69400400022008000470064004700f4c0b3004b
:10d6a40043012000a200200065f907003001220098
:10d6b400000047008000eb00811f780091222d00bc
:10d6c400811f78007dd10700e487570030012200d4
:10d6d4008000470064004700f4c0b3002303200027
:10d6e400a200200056f90700640047000001eb0087
:10d6f4008000eb0077f90700640047008040eb00ee
:10d7040060f30700607180004400de006140600047
:10d714000004a200614060000080fb006100600022
:10d724004400dd00617180000140a100010070002f
:10d734006071880002d0bf000004e00011003200d4
:10d74400640047008040eb004ef30700640047008c
:10d7540085032000041020008001eb000001eb0091
:10d76400c1492a0075f80700640047000001eb0076
:10d774008000eb0057f90700401f20001e0507003a
:10d78400ecff370004d0bf000004e00011003200b9
:10d79400640047008040eb003af307006400470050
:10d7a4003502200004102000f30020000001eb00eb
:10d7b400c1092c0061f80700640047000001eb0078
:10d7c4008000eb0043f90700401f20000a05070012
:10d7d400d8ff37000ad0bf000004e000190032006f
:10d7e400640047008040eb0026f307006400470014
:10d7f40035022000041020008001eb000001eb0042
:10d80400810221004df80700640047000001eb008d
:10d814008000eb002ff90700401f2000f6040700ea
:10d82400200222000000470013c0b300000178006a
:10d83400600120000100200031ff0700000f780084
:10d84400bcff3700640047008040eb000df3070085
:10d85400200222000000470013c0b300000178003a
:10d86400000320000100200025ff0700000f7800be
:10d87400640047008042eb0044012000a30f200015
:10d884000001eb00a100200038f7070000d0bf0022
:10d894008080fb004000220000004700811f7800c8
:10d8a400c1212d00811f780004d10700e4875700af
:10d8b400400022008000470064004700f4c0b30029
:10d8c40043012000a2002000ddf8070013c0b300cc
:10d8d40022022100600120000100200008ff07004f
:10d8e40010079800607180004400de006140600011
:10d8f4000004a200614060000080fb006100600041
:10d904004400dd00617180000140a100010070004d
:10d9140060718800640047008042eb00040420002a
:10d92400a30f200032022000a10020000ff70700ff
:10d9340001d0bf008080fb003001220000004700be
:10d94400811f780091222d00811f7800dbd0070011
:10d95400e48757003001220080004700640047003c
:10d96400f4c0b30023032000a2002000b4f8070091
:10d97400640047000001eb008000eb00d5f80700cd
:10d9840013c0b30022022100600020000100200027
:10d99400dbfe070010079800607180004500de0080
:10d9a400614060000004a200614060000080fb0050
:10d9b400610060004500dd00617180000150a1003c
:10d9c40001007000607188005aff37000200fa00fd
:10d9d400004f7800ff0307000e0407001e40780084
:10d9e40010040700f70307000080fa000000060097
:10d9f4000200fa00004f7800f60307000104070054
:10da04001e40780007040700ee0307000080fa00b8
:10da1400000006000000fa00f603070010002000d2
:10da24000100200020040700ee030700200320006b
:10da3400010020001c040700d0cfb300e3ff07005f
:10da440020c1b300eaff0700e0cab300dfff07000c
:10da540030cbb300ddff070010c9b300e4ff0700bb
:10da6400a0ccb300d9ff0700f0c3b300e0ff070068
:10da740020cab300d5ff07000040eb00dcff07001d
:10da840010cab300d1ff07000040eb00d8ff070025
:10da940000cab300cdff070040c1b300d4ff0700a4
:10daa40010c1b300d2ff070050cbb300c7ff07007b
:10dab4000040eb00ceff0700b0cab300c3ff07006d
:10dac40010c0b300caff070040cbb300bfff07007c
:10dad40000cab300c6ff0700d0cfb300c4ff0700dd
:10dae40010ccb300b9ff070000c0eb00c0ff070073
:10daf40070ccb300b5ff0700f0c0b300bcff070053
:10db040090cbb300b1ff070010cbb300afff070009
:10db140020ceb300b6ff070010cdb300abff070063
:10db240020c8b300b2ff070000c2b300b0ff070073
:10db3400b0cbb300a5ff0700f0c1b300acff0700f2
:10db440060cbb300a1ff070080c0b300a8ff0700ab
:10db5400e0cbb3009dff070070c0b300a4ff070033
:10db640060cab30099ff070090cab30097ff07008b
:10db7400a000200001002000cb030700f0cab3007e
:10db840092ff07002003200001002000c6030700c5
:10db94000080fa00000006000200fa00000f78007e
:10dba4001e007800e10f500010003200e10f500019
:10dbb4000b003900e20f500003003200e30f500065
:10dbc400040032000c00370060cab3007fff070076
:10dbd4000900370070cab3007cff07000600370055
:10dbe40050cab30079ff07000300370040cab300ee
:10dbf40076ff0700000000000080fa000000060025
:10dc04000000fa00e0cab30070ff07000080fa00c9
:10dc1400000006000000fa00f0cab3006bff070022
:10dc24000080fa00000006000200fa00004f7800ad
:10dc340010ccb30065ff07001e4078006cff07009e
:10dc44000080fa00000006000200fa00004f78008d
:10dc540070ccb3005dff07009e4078006fc0600089
:10dc640063ff07000080fa00000006000400fa00c9
:10dc74001007980080cbb30054ff07000000eb00ae
:10dc8400000f78000f0037001e0078009e009000ff
:10dc9400008040009040780040cbb30080cf50001b
:10dca400020036000040eb000c0037001e00780034
:10dcb4009e00900000804000104078004cff070058
:10dcc4001e0fe8001e007800ef0f5000eeff340036
:10dcd4000040eb003dff070010c0b3000080fa00d5
:10dce400000006000000fa0090cbb30037ff0700e5
:10dcf4000080fa00000006000400fa00004f7800db
:10dd040011479800224798003347980050c1b30048
:10dd14002eff07009e4078007cc0400034ff0700bf
:10dd24001e4090007c40400031ff070050c7b30004
:10dd340026ff07002e4090002dff07003e40900074
:10dd44002bff07000080fa00000006000600fa001e
:10dd5400000f78001207980023079800c0c5b3008d
:10dd64001aff07001b030700260307001e0190008b
:10dd7400ae0190001e007800320307001103070073
:10dd84000080fa00000006000000fa00f003200002
:10dd9400101288001000200020128800c000280003
:10dda400001288000080fa00000006000400fa0057
:10ddb400000f780011079800000000000012800096
:10ddc400620060000000e000fcff3a001e007800e2
:10ddd400104078000080fb00401288000000000022
:10dde4000112800000022000008060000000e000ba
:10ddf400fbff3a0040128000804078001e00900033
:10de0400014878000080fa00000006001800fa00bb
:10de1400100f9800210f9800320f98000000eb00bb
:10de2400000f78000000eb00100798000000eb00e2
:10de3400700798000000eb00000f9800100020000d
:10de4400600798001e0890000000e00005003a00fa
:10de54000000eb005007980070004700200798006e
:10de640004003700ee009000510798009e089000cf
:10de7400210798003e0890000000e00005003a00e9
:10de84000000eb00400798006e0047003007980040
:10de940005003700ee00900041079800be0890008e
:10dea400310798000000000000128000620060004a
:10deb4000000e000fcff3a001d0037000012800063
:10dec400620060000000e00009003a002e009000ab
:10ded400104078000080fb0040128800ae009000e3
:10dee4005e00900000804000200798001e0fe800ac
:10def4000112800000022000008060000000e000a9
:10df04000b003a0040128000804078003e009000f0
:10df140001487800be0090004e0090000080400050
:10df2400300798001e0090000000e80010079800d9
:10df34002e0890009e007800808f5000dfff39008b
:10df440010003700011280000002200000806000f1
:10df54000000e0000b003a0040128000804078008e
:10df64003e00900001487800be0090004e009000f2
:10df740000804000300798001e0090000000e80078
:10df8400100798009e0090002e089000808f50008b
:10df9400ecff39001e0078000080fa000000060043
:10dfa4000400fa00204798000e80e8008e007800f4
:10dfb4007eff07001e4078000080fa000000060083
:10dfc4000600fa00000f7800110798002207980055
:10dfd4002e0190009e0090001e0078008bff070029
:10dfe4000080fa00000006000000fa000012800021
:10dff4000080fa00000006000000fa00003a8000e9
:10e004000080fa00000006000200fa00faff070090
:10e01400000f78001e007800240007000004e000d0
:10e024000200320000002800710007001e00780082
:10e034002a0007000004e00002003200000024006f
:10e044006b0007001e007800320007000004e000a7
:10e054000200320000202000650007001e00780046
:10e064003a0007000004e00002003200000820002b
:10e074005f0007001e007800420007000004e00073
:10e084000200320000042000590007001e0078003e
:10e094004a0007000004e0000200320000012000f2
:10e0a400530007000080fa00000006000400fa0094
:10e0b400100798000040eb00004f78001e0090000d
:10e0c4000000e00002003d0010c0b300004f7800e3
:10e0d4001e4078000080fa00000006000400fa00e8
:10e0e400100798000040eb00004f78009e0090005d
:10e0f40000002400008060000000e0000200320004
:10e1040010c0b300004f78001e4078000080fa0071
:10e11400000006000400fa00100798000040eb001d
:10e12400004f78009e0090000020200000806000d6
:10e134000000e0000200320010c0b300004f78007d
:10e144001e4078000080fa00000006000400fa0077
:10e15400100798000040eb00004f78009e009000ec
:10e1640000082000008060000000e000020032008f
:10e1740010c0b300004f78001e4078000080fa0001
:10e18400000006000400fa00100798000040eb00ad
:10e19400004f78009e009000000420000080600082
:10e1a4000000e0000200320010c0b300004f78000d
:10e1b4001e4078000080fa00000006000400fa0007
:10e1c400100798000040eb00004f78001e009000fc
:10e1d400700060000000e0000200320010c0b300d4
:10e1e400004f78001e4078000080fa00000006000e
:10e1f4000200fa00000f78009e80ea00003a8000d6
:10e2040000806000003a88000080fa0000000600e8
:10e214000000fa004027ef000080fa00000006002a
:10e224000000fa0060002000004888001000200070
:10e23400104888004006200020488800a0002000e4
:10e244003048880000488000004078006740600043
:10e254000080fb00f08088000080fa0000000600c7
:10e264000000fa000080fa00000006000000fa0036
:10e2740000408000640060000000e0000200320002
:10e28400f7ff07000048a9000080fa00000006001c
:10e294000000fa00f08080000040780067406000d1
:10e2a4000080fb00670060000248800081ff2f00af
:10e2b4008100610001007000004888000080fa00bd
:10e2c400000006000000fa000148800080ff2f00d3
:10e2d40000806000004888000080fa00000006000a
:10e2e4000200fa00000f78009e00780021488800a0
:10e2f4000080fa00000006000200fa00000f780017
:10e304009e007800314888000080fa000000060072
:10e314000000fa00004080004200de00614060001e
:10e324000080fb0000f0a7000000ea000000ea0003
:10e334004f00de00004078000080fa000000060074
:10e344000400fa00100798001e0090000000e0008e
:10e354000a003a00004880004400de00614060008a
:10e364000080fb0000f0a7000000ea000000ea00c3
:10e374004f00de00004f780001003700000000006d
:10e384001e4078000080fa00000006000200fa0037
:10e39400000f78001e0078000000e00003003a003f
:10e3a4000089a900000000000100370000000000ff
:10e3b4000080fa00000006000000fa0002c9a8006c
:10e3c4000080fa00000006000000fa0010488000f7
:10e3d4004600de00614060000080fb0000f0a70002
:10e3e4000000ea000000ea004f00de000040780070
:10e3f4000080fa00000006000000fa0002c9a9002b
:10e404000080fa00000006000000fa00000222006a
:10e41400005888006004200010588800062bef0084
:10e4240000002100205888000a2bef00082bef0081
:10e434000c2bef0070002000705888000088a900a1
:10e444000002200080588800200220009058880094
:10e45400162bef0000002100a05888001a2bef00b3
:10e46400182bef001c2bef0070002000f0588800e0
:10e4740001c8a9000002220000598800a000200061
:10e4840010598800262bef00000021002059880035
:10e494002a2bef00282bef002c2bef00700020001c
:10e4a400705988000308a9000002200080598800e0
:10e4b4002002200090598800362bef000000210034
:10e4c400a05988003a2bef00382bef003c2bef00cb
:10e4d40070002000f05988000488a9000080fa0028
:10e4e400000006000000fa000080fa0000000600a8
:10e4f4000000fa0000408000700060000000e000ae
:10e5040002003200f7ff07000088a9000080fa002b
:10e51400000006000000fa000080fa000000060077
:10e524000000fa0001408000000024000080600028
:10e534000000e00002003200f6ff070001c8a90055
:10e544000080fa00000006000000fa000080fa00d3
:10e55400000006000000fa001140800000102000b6
:10e56400008060000000e00002003200f6ff0700b7
:10e574000308a9000080fa00000006000000fa0069
:10e584000080fa00000006000000fa00204080002d
:10e59400700060000000e00002003200f7ff070096
:10e5a4000488a9000080fa00000006000000fa00b8
:10e5b4000021ef0090862100100888000002280046
:10e5c40020088800008180000000e00002003a007a
:10e5d40000332700240007000068a9002068a80071
:10e5e400409d22008040eb00014878000080fa0042
:10e5f400000006000200fa00000f78009e00780078
:10e6040011088800409d22008040eb0001487800fa
:10e614000080fa00000006000000fa0010088000e4
:10e624000080fa00000006000200fa00000f7800e3
:10e634009e00780001088800409d22008040eb0085
:10e64400014878000080fa00000006000000fa008b
:10e65400000880000080fa00000006000000fa00b4
:10e664000080fa00000006000200fa00000f7800a3
:10e674002068a9009e007800018188002068a80015
:10e684000080fa00000006000000fa00409d22000d
:10e694008040eb00014878002068a80005e1a8004c
:10e6a4000080fa00000006000000fa0005e1a9005d
:10e6b4002068a9000080fa00000006000200fa00a9
:10e6c400409d2200104f78001e4078000004e000b6
:10e6d40003003200409d22008040eb000148780096
:10e6e4001e4078000080fa00000006000000fa00d6
:10e6f400509d2200104078000080fb000080fa004a
:10e70400000006000000fa00509d22008040eb004b
:10e71400014878000080fa00000006000000fa00ba
:10e724000621ef0010012000600888000001280085
:10e7340080088800209d22008040eb00014878007a
:10e744000080fa00000006000000fa00014080008a
:10e7540000082000008060000000e0000900320092
:10e76400309d2200104078008040e800309d220057
:10e7740001487800209d220011c0b30001487800b0
:10e7840000e8a9000080fa00000006000200fa0078
:10e79400000f78009e00780061088800209d220008
:10e7a4008040eb00014878000080fa000000060079
:10e7b4000000fa00600880000080fa0000000600f3
:10e7c4000200fa00000f78009e00780031088800eb
:10e7d400209d22008040eb00014878000080fa0070
:10e7e400000006000000fa00300880000080fa00f3
:10e7f400000006000000fa00209d22008040eb008b
:10e804000148780011e1a8000080fa000000060029
:10e814000000fa0011e1a9000080fa0000000600df
:10e824000200fa00209d2200104f78001e4078005c
:10e834000004e00003003200209d22008040eb0031
:10e84400014878001e4078000080fa0000000600ad
:10e854000000fa00309d2200104078000080fb0088
:10e864000080fa00000006000000fa00309d22003b
:10e874008040eb00014878000080fa0000000600a8
:10e884000000fa00042eef00182eef002c2eef00eb
:10e89400402eef00542eef00682eef007c2eef0088
:10e8a40000d8210000708800e0ff2f00a0708800cd
:10e8b40050f823004071880000162000e0718800a1
:10e8c40000002f0080728800100020002073880050
:10e8d400001c2000c07388000c2eef00202eef00d7
:10e8e400342eef00482eef005c2eef00702eef0068
:10e8f400842eef000a2eef001e2eef00322eef00c2
:10e90400462eef005a2eef0020002000707388007e
:10e91400822eef00062eef001a2eef002e2eef00af
:10e92400422eef00562eef006a2eef007e2eef00ef
:10e9340000c8210070708800e03820001071880041
:10e9440070e82000b071880000002f00f072880089
:10e95400001c200030748800113a8000f00b200065
:10e9640000816000600420007105200023742000f1
:10e9740080497800814978008249780000c6b30054
:10e98400d4e6b7001134800000fc2f000080600042
:10e99400e000b30010348800103a800000017800d1
:10e9a4000260a00060042000710520002374200090
:10e9b4008049780081497800824978000080fa0013
:10e9c400000006000000fa00040ea8000080fa000f
:10e9d400000006000000fa00040ea9000080fa00fe
:10e9e400000006000000fa00042ea8000080fa00cf
:10e9f400000006000000fa00042ea9000080fa00be
:10ea0400000006000000fa00052ea8000080fa00ad
:10ea1400000006000000fa00052ea9000080fa009c
:10ea2400000006000400fa00204798002e409000e1
:10ea34000080fb005afd0700004f78000080fa00b8
:10ea4400000006000a00fa00200798003207980028
:10ea5400430798006000b800008fbe00090037002b
:10ea64001e007800ae009000008040001040780046
:10ea7400ecff070012002000030020001e0f4100dd
:10ea84005e9749003e009000ce0090001e01780081
:10ea94009e019000800f5100818f5900f0ff3900d2
:10eaa4000080fa00000006000800fa002007980021
:10eab400310798006000b800008fbe0006003700e0
:10eac400100020004c00070012002000030020006a
:10ead4001e0f41005e9749002e009000be0090007a
:10eae4001e0178009e019000800f5100818f590013
:0ceaf400f3ff39000080fa00000006006b
:020000040000fa
:10eb000028100000641900008000000000100000c0
:10eb10001800000080000000002a00000002000031
:10eb2000800000008c290000200000008000000010
:10eb30001c1000000200000082000000ffff000027
:10eb4000d229000002000000800000001e1000001a
:10eb50000200000080000000d42900000200000034
:10eb60008000000020100000020000008000000073
:10eb700022100000020000008200000038000000a7
:10eb8000ca290000080000008000000024100000d6
:10eb900002000000800000001810000004000000c7
:10eba000820000004000000001000000261000006c
:10ebb0000200000080000000ac2900001e000000e0
:10ebc00082000000286e69006c29000025006800a2
:10ebd000076c09004c836a009074a0007ac00000a2
:10ebe0008068880000846c0082008100d6290000c3
:0cebf00002000000800000000000000097
:020000040000fa
:10ebfc000200fa00000f78000300370000fa200032
:10ec0c0001002000840007001e00780000f0a7001f
:10ec1c000000ea000000ea004f00de00004078002f
:10ec2c001e0fe9000004e000f4ff3a000080fa0037
:10ec3c00000006000200fa00000f78000500370003
:10ec4c0000082000010020007300070001fe2f00c7
:10ec5c001e8f40001e007800ff0f5000f8ff3e0092
:10ec6c000300370040002000010020006a0007006c
:10ec7c001e00780000f0a7000000ea000000ea0087
:10ec8c004f00de00004078001e0fe9000004e00099
:10ec9c00f4ff3a000080fa00000006000400fa00bd
:10ecac00000f7800110798001e009000904078002b
:10ecbc001e007800014878001e0090000000e8005b
:10eccc00904078001e007800114098000080fa00f7
:10ecdc00000006000400fa00000f780011079800ed
:10ecec001e009000904078001e00780010407800c4
:10ecfc0080c070001e009000014878001e0090003b
:10ed0c000000e8009e0090008100e80011417800ae
:10ed1c009e0078009140900081407100014878007d
:10ed2c000080fa00000006000000fa00101c23000e
:10ed3c00203a88004827ef004e27ef00a003200060
:10ed4c00303a88006027ef006227ef006427ef005d
:10ed5c006627ef006a27ef006c27ef006e27ef00a5
:10ed6c002200200080072000a1092000337420001d
:10ed7c008049780081497800824978000001eb00d5
:10ed8c006004200071052000237420008049780065
:10ed9c0081497800824978000080fa000000060062
:10edac000200fa00000f780021028000200f2000e2
:10edbc00008060001e007000200288000080fa00b5
:10edcc00000006000000fa00c3e8a80000000000e4
:10eddc00000000000080fa00000006000000fa00ad
:10edec00a5fe07001a000700cfff0700e4fb070091
:10edfc0009fd0700c3f5070046fe070080fd07006c
:10ee0c00e8fd0700efff070000022000e4ff070009
:08ee1c000080fa00000006006e
:020000040000fa
:10ee2400f03fb1000180b10006003500ee03090097
:10ee340000000000403fb1000180b100fbff3d0035
:10ee44001000b000203fb00002003500008009002f
:08ee54000000000000000600b0
:020000040000fa
:10ee5c000000fa0081428000f0ff28000080600072
:10ee6c0000c0a0008042880001428000f0ff280012
:10ee7c000080600000c0a000004288000080fa0002
:10ee8c00000006000200fa00000f78009e007800d7
:10ee9c00e1808800ffff37000000fa00c0982200d4
:10eeac0080077800409a2200000188000080fa0058
:04eebc00000006004c
:020000040000fa
:020000040005f5
:04570000ffffff00a8
:020000040000fa
:020000040005f5
:04572000ffff000087
:020000040000fa
:020000040005f5
:045730007aff0000fc
:020000040000fa
:020000040005f5
:045738007aff0000f4
:020000040000fa
:020000040005f5
:045740009fff0000c7
:020000040000fa
:020000040005f5
:04574800ffff00005f
:020000040000fa
:020000040005f5
:04575000feff000058
:020000040000fa
:020000040005f5
:04575800000000004d
:020000040000fa
:020000040005f5
:045760000000000045
:020000040000fa
:020000040005f5
:04576800000000003d
:020000040000fa
:020000040005f5
:045770000000000035
:020000040000fa
:020000040005f5
:04577800feff000030
:020000040000fa
:020000040005f5
:04578000ffff000027
:020000040000fa
:020000040005f5
:04578800ffff00001f
:00000001FF
